id,one_type,two_type,title,icon,href,introduce,create_time,update_time,del
"1432449525481504","INDEX","TOOL","时间戳转换","http://java-run-blog.oss-cn-zhangjiakou.aliyuncs.com/index/timestamp-bf543ed911.png","https://tool.lu/timestamp/",,"2021-08-23 22:46:01",,"0"
"1432449525481536","INDEX","TOOL","Linux命令大全","http://java-run-blog.oss-cn-zhangjiakou.aliyuncs.com/index/redhat-0b738f24ab.png","https://www.linuxcool.com/",,"2021-08-23 22:46:02",,"0"
"1432449525481568","INDEX","TOOL","jQuery 速查表","http://java-run-blog.oss-cn-zhangjiakou.aliyuncs.com/index/jQuery-95ac85fd3e.ico","http://hemin.cn/jq/",,"2021-08-23 22:46:02",,"0"
"1432449525481600","INDEX","TOOL","进制转换","http://java-run-blog.oss-cn-zhangjiakou.aliyuncs.com/index/hexconvert-c12dc35f5b.png","https://tool.lu/hexconvert/",,"2021-08-23 22:46:02",,"0"
"1432449525481632","INDEX","TOOL","IP地址查询","http://java-run-blog.oss-cn-zhangjiakou.aliyuncs.com/index/ip-a76e1fc28f.png","https://tool.lu/ip/",,"2021-08-23 22:46:02",,"0"
"1432449525481664","INDEX","TOOL","图片base64编码","http://java-run-blog.oss-cn-zhangjiakou.aliyuncs.com/index/base64-e95db0290b.png","https://tool.lu/base64image/",,"2021-08-23 22:46:02",,"0"
"1432449525481696","INDEX","TOOL","在线代码测试","http://java-run-blog.oss-cn-zhangjiakou.aliyuncs.com/index/code-59d9dac7d0.png","https://tool.lu/coderunner/",,"2021-08-23 22:46:02",,"0"
"1432449525481728","INDEX","TOOL","在线文本对比","http://java-run-blog.oss-cn-zhangjiakou.aliyuncs.com/index/compare-e8ba2134c7.ico","https://text-compare.com/zh-hans/",,"2021-08-23 22:46:02",,"0"
"1432449525481760","INDEX","TOOL","正则表达式测试","http://java-run-blog.oss-cn-zhangjiakou.aliyuncs.com/index/oschina-5ac828d62b.ico","https://tool.oschina.net/regex/",,"2021-08-23 22:46:02",,"0"
"1432449525481792","INDEX","TOOL","下载链接转换工具","http://java-run-blog.oss-cn-zhangjiakou.aliyuncs.com/index/down-f970d08726.png","https://tool.lu/urlconvert/",,"2021-08-23 22:46:02",,"0"
"1432449525481824","INDEX","TOOL","网上计算器","http://java-run-blog.oss-cn-zhangjiakou.aliyuncs.com/index/cal-4a831388b7.png","http://cal.apple886.com/",,"2021-08-23 22:46:02",,"0"
"1432449525481856","INDEX","TOOL","curl命令转代码","http://java-run-blog.oss-cn-zhangjiakou.aliyuncs.com/index/curl-9a1b519b4f.png","https://tool.lu/curl/",,"2021-08-23 22:46:02",,"0"
"1432449525481888","INDEX","TOOL","中文简繁体转换","http://java-run-blog.oss-cn-zhangjiakou.aliyuncs.com/index/zf-cce01af78a.png","https://tool.lu/zhconvert",,"2021-08-23 22:46:02",,"0"
"1432449525481920","INDEX","TOOL","数字大写转换器","http://java-run-blog.oss-cn-zhangjiakou.aliyuncs.com/index/dx-b0f1da1b5d.png","https://tool.gaodun.com/rmb.html",,"2021-08-23 22:46:02",,"0"
"1432449525481952","INDEX","TOOL","二维码制作工具","http://java-run-blog.oss-cn-zhangjiakou.aliyuncs.com/index/er-5794b79eb1.png","https://cli.im/",,"2021-08-23 22:46:02",,"0"
"1432449525481984","INDEX","TOOL","加密解密","http://java-run-blog.oss-cn-zhangjiakou.aliyuncs.com/index/oschina-ef1595b488.ico","https://tool.oschina.net/encrypt",,"2021-08-23 22:46:02",,"0"
"1432449525482016","INDEX","TOOL","Cron表达式","http://java-run-blog.oss-cn-zhangjiakou.aliyuncs.com/index/cron-853162c939.png","https://www.matools.com/cron/",,"2021-08-23 22:46:02",,"0"
"1432449525482048","INDEX","TOOL","在线PS","http://java-run-blog.oss-cn-zhangjiakou.aliyuncs.com/index/ps-e74a31ec82.png","https://pixlr.com/cn/x/",,"2021-08-23 22:46:02",,"0"
"1432449525482080","INDEX","TOOL","在线收藏网址","http://java-run-blog.oss-cn-zhangjiakou.aliyuncs.com/index/favorites-2066005f80.png","http://favorites.ren/",,"2021-08-23 22:46:02",,"0"
"1432449525482112","INDEX","TOOL","百度翻译","http://java-run-blog.oss-cn-zhangjiakou.aliyuncs.com/index/bf-d87cd2aedc.ico","https://fanyi.baidu.com/translate",,"2021-08-23 22:46:02",,"0"
"1432449525482144","INDEX","TOOL","谷歌翻译","http://java-run-blog.oss-cn-zhangjiakou.aliyuncs.com/index/gf-25329b8195.png","https://translate.google.cn/",,"2021-08-23 22:46:02",,"0"
"1432449525482176","INDEX","TOOL","字数统计","http://java-run-blog.oss-cn-zhangjiakou.aliyuncs.com/index/wd-2e93ee04c8.ico","https://www.eteste.com/",,"2021-08-23 22:46:02",,"0"
"1432449525482208","INDEX","TOOL","文件格式转换","http://java-run-blog.oss-cn-zhangjiakou.aliyuncs.com/index/convertio-bd902f9f69.ico","https://convertio.co/zh/",,"2021-08-23 22:46:02",,"0"
"1432449525482240","INDEX","TOOL","公众号","http://java-run-blog.oss-cn-zhangjiakou.aliyuncs.com/index/wx-a5d1e125ef.ico","https://mp.weixin.qq.com/",,"2021-08-23 22:46:02",,"0"
"1432449525482272","INDEX","TOOL","颜色转化器","http://java-run-blog.oss-cn-zhangjiakou.aliyuncs.com/index/sioe-a2a617f162.ico","https://www.sioe.cn/yingyong/yanse-rgb-16/",,"2021-08-23 22:46:02",,"0"
"1432449525482304","INDEX","TOOL","在线流程绘图","http://java-run-blog.oss-cn-zhangjiakou.aliyuncs.com/index/processon-c0fff937d6.png","https://www.processon.com/",,"2021-08-23 22:46:02",,"0"
"1432449525482336","INDEX","TOOL","热门插件列表","http://java-run-blog.oss-cn-zhangjiakou.aliyuncs.com/index/top-list-dcb72076bd.png","http://www.itmind.net/chrome?order=hot",,"2021-08-23 22:46:02",,"0"
"1432449525482368","INDEX","TOOL","OneTab标签管理","http://java-run-blog.oss-cn-zhangjiakou.aliyuncs.com/index/onetab-f88dc58f47.jpg","http://www.itmind.net/355.html",,"2021-08-23 22:46:02",,"0"
"1432449527578656","INDEX","TOOL","Postman 网页调试","http://java-run-blog.oss-cn-zhangjiakou.aliyuncs.com/index/postman-0dea237bf5.svg","http://www.itmind.net/1334.html",,"2021-08-23 22:46:02",,"0"
"1432449527578688","INDEX","TOOL","树形展示Github项目","http://java-run-blog.oss-cn-zhangjiakou.aliyuncs.com/index/github-2c2870f30b.svg","http://www.itmind.net/246.html",,"2021-08-23 22:46:02",,"0"
"1432449527578720","INDEX","TOOL","WEB前端助手","http://java-run-blog.oss-cn-zhangjiakou.aliyuncs.com/index/fe-86f9a086af.png","http://www.itmind.net/1470.html",,"2021-08-23 22:46:02",,"0"
"1432449527578752","INDEX","TOOL","json-view 插件","http://java-run-blog.oss-cn-zhangjiakou.aliyuncs.com/index/json-aa41db4958.jpg","http://www.itmind.net/2173.html",,"2021-08-23 22:46:02",,"0"
"1432449527578784","INDEX","TOOL","Markdown Here","http://java-run-blog.oss-cn-zhangjiakou.aliyuncs.com/index/markdown-766a11eaf8.png","http://www.itmind.net/873.html",,"2021-08-23 22:46:02",,"0"
"1432449527578816","INDEX","TOOL","网页取色插件","http://java-run-blog.oss-cn-zhangjiakou.aliyuncs.com/index/color-21b8211982.ico","http://www.itmind.net/992.html",,"2021-08-23 22:46:02",,"0"
"1432449527578848","INDEX","TOOL","去除网页广告","http://java-run-blog.oss-cn-zhangjiakou.aliyuncs.com/index/abp-5bf581d2d0.png","http://www.itmind.net/213.html",,"2021-08-23 22:46:02",,"0"
"1432449527578880","INDEX","TOOL","有道词典","http://java-run-blog.oss-cn-zhangjiakou.aliyuncs.com/index/youdao-8d52bdf9a6.png","http://www.itmind.net/136.html",,"2021-08-23 22:46:02",,"0"
"1432449527578912","INDEX","TOOL","Google翻译","http://java-run-blog.oss-cn-zhangjiakou.aliyuncs.com/index/google-583c140c50.jpg","http://www.itmind.net/2991.html",,"2021-08-23 22:46:02",,"0"
"1432449527578944","INDEX","TOOL","GitHub 加速插件","http://java-run-blog.oss-cn-zhangjiakou.aliyuncs.com/index/github-0514d82455.jpg","http://www.itmind.net/217.html",,"2021-08-23 22:46:02",,"0"
"1432449527578976","INDEX","TOOL","哔哩哔哩助手","http://java-run-blog.oss-cn-zhangjiakou.aliyuncs.com/index/bili-f2d2896c48.ico","http://www.itmind.net/229.html",,"2021-08-23 22:46:02",,"0"
"1432449527579008","INDEX","TOOL","视频下载插件","http://java-run-blog.oss-cn-zhangjiakou.aliyuncs.com/index/video-d9d7406c5a.jpg","http://www.itmind.net/3092.html",,"2021-08-23 22:46:02",,"0"
"1432449527579040","INDEX","TOOL","百度文库复制","http://java-run-blog.oss-cn-zhangjiakou.aliyuncs.com/index/bf-d87cd2aedc.ico","http://www.itmind.net/2553.html",,"2021-08-23 22:46:02",,"0"
"1432449527579072","INDEX","TOOL","油猴Tampermonkey","http://java-run-blog.oss-cn-zhangjiakou.aliyuncs.com/index/monkey-8284c40e06.png","http://www.itmind.net/6391.html",,"2021-08-23 22:46:02",,"0"
"1432449527579104","INDEX","TOOL","自动加HTTPS","http://java-run-blog.oss-cn-zhangjiakou.aliyuncs.com/index/http-79d7bffb06.png","http://www.itmind.net/6402.html",,"2021-08-23 22:46:02",,"0"
"1432449527579136","INDEX","TOOL","Githunt(GitHub神器)","http://java-run-blog.oss-cn-zhangjiakou.aliyuncs.com/index/github-0514d82455.jpg","http://www.itmind.net/6478.html",,"2021-08-23 22:46:02",,"0"
"1432449527579168","INDEX","TOOL","网页数据抓取","http://java-run-blog.oss-cn-zhangjiakou.aliyuncs.com/index/wecscraper-fa88b94f32.png","http://www.itmind.net/6418.html",,"2021-08-23 22:46:02",,"0"
"1432449527579200","INDEX","TOOL","Redux调试插件","http://java-run-blog.oss-cn-zhangjiakou.aliyuncs.com/index/redux-54f5809d14.png","http://www.itmind.net/6432.html",,"2021-08-23 22:46:02",,"0"
"1432449527579232","INDEX","TOOL","Vue.js调试插件","http://java-run-blog.oss-cn-zhangjiakou.aliyuncs.com/index/vue-8d1c0d2601.png","http://www.itmind.net/6438.html",,"2021-08-23 22:46:02",,"0"
"1432449527579264","INDEX","TOOL","极简番茄钟","http://java-run-blog.oss-cn-zhangjiakou.aliyuncs.com/index/chaoxi-71f3506638.png","http://www.itmind.net/6453.html",,"2021-08-23 22:46:02",,"0"
"1432449527579296","INDEX","TOOL","igg谷歌访问助手","http://java-run-blog.oss-cn-zhangjiakou.aliyuncs.com/index/Google-350e51de1e.png","http://www.itmind.net/6473.html",,"2021-08-23 22:46:02",,"0"
"1432449527579328","INDEX","TOOL","fatkun图片批量下载","http://java-run-blog.oss-cn-zhangjiakou.aliyuncs.com/index/fatkun-4c36ca71b3.jpg","http://www.itmind.net/6464.html",,"2021-08-23 22:46:02",,"0"
"1432449527579360","INDEX","TECH","博客园","http://java-run-blog.oss-cn-zhangjiakou.aliyuncs.com/index/cnblogs-a2defe9b7c.png","https://www.cnblogs.com/","开发者的网上家园","2021-08-23 22:46:02",,"0"
"1432449527579392","INDEX","TECH","CSDN","http://java-run-blog.oss-cn-zhangjiakou.aliyuncs.com/index/csdn-5fe716ca6d.png","https://www.csdn.net/","中文最大的技术社区","2021-08-23 22:46:02",,"0"
"1432449527579424","INDEX","TECH","开源中国","http://java-run-blog.oss-cn-zhangjiakou.aliyuncs.com/index/oschina-ef1595b488.ico","https://www.oschina.net/","目前国内最大的开源技术社区","2021-08-23 22:46:02",,"0"
"1432449527579456","INDEX","TECH","SF思否","http://java-run-blog.oss-cn-zhangjiakou.aliyuncs.com/index/sf-55dc8b2afe.ico","https://segmentfault.com/","思否是中国领先的开发者技术社区","2021-08-23 22:46:02",,"0"
"1432449527579488","INDEX","TECH","掘金","http://java-run-blog.oss-cn-zhangjiakou.aliyuncs.com/index/juejin-26fc66c0d2.png","https://juejin.im/","一个帮助开发者成长的社区","2021-08-23 22:46:02",,"0"
"1432449527579520","INDEX","TECH","51CTO","http://java-run-blog.oss-cn-zhangjiakou.aliyuncs.com/index/51-ba9dc9e492.ico","https://www.51cto.com/","中国领先的IT技术网站","2021-08-23 22:46:02",,"0"
"1432449527579552","INDEX","TECH","开发者头条","http://java-run-blog.oss-cn-zhangjiakou.aliyuncs.com/index/toutiao-e9104a583d.png","https://toutiao.io/","程序员分享平台","2021-08-23 22:46:02",,"0"
"1432449527579584","INDEX","TECH","InfoQ","http://java-run-blog.oss-cn-zhangjiakou.aliyuncs.com/index/InfoQ-f861cd92ee.jpg","https://xie.infoq.cn/","一个实践驱动的技术社区资讯站点","2021-08-23 22:46:02",,"0"
"1432449527579616","INDEX","TECH","StackOverflow","http://java-run-blog.oss-cn-zhangjiakou.aliyuncs.com/index/stackoverflow-a52f4db438.svg","https://stackoverflow.com/","全球最大的技术问答社区","2021-08-23 22:46:02",,"0"
"1432449527579648","INDEX","TECH","ChinaUnix","http://java-run-blog.oss-cn-zhangjiakou.aliyuncs.com/index/cu-07dfe313c5.png","http://www.chinaunix.net/","中国最大的Linux/Unix技术社区网站","2021-08-23 22:46:02",,"0"
"1432449527579680","INDEX","TECH","Ruby china","http://java-run-blog.oss-cn-zhangjiakou.aliyuncs.com/index/ruby-db74bd9297.png","https://ruby-china.org/","国内最权威的 Ruby 社区","2021-08-23 22:46:02",,"0"
"1432449527579712","INDEX","TECH","Golang中文社区","http://java-run-blog.oss-cn-zhangjiakou.aliyuncs.com/index/golang-24c06146e2.ico","https://studygolang.com/","Go语言爱好者的学习家园","2021-08-23 22:46:02",,"0"
"1432449527579744","INDEX","RELAX","程序员漫画","http://java-run-blog.oss-cn-zhangjiakou.aliyuncs.com/index/laughyouth-1e02cb6351.png","http://laughyouth.com/","全网唯二的程序员漫画故事。","2021-08-23 22:46:02",,"0"
"1432449527579776","INDEX","RELAX","今日热榜","http://java-run-blog.oss-cn-zhangjiakou.aliyuncs.com/index/tophub-4843e2977f.png","https://www.24kdh.com/hotnews/","今日热榜提供各站热榜聚合","2021-08-23 22:46:02",,"0"
"1432449527579808","INDEX","RELAX","知乎","http://java-run-blog.oss-cn-zhangjiakou.aliyuncs.com/index/zhihu-ca1078b5f5.png","https://www.zhihu.com/","中国最大的问答社区","2021-08-23 22:46:02",,"0"
"1432449527579840","INDEX","RELAX","V2EX","http://java-run-blog.oss-cn-zhangjiakou.aliyuncs.com/index/v2ex-bd989a59ed.ico","https://www.v2ex.com/","创意工作者们的社区","2021-08-23 22:46:02",,"0"
"1432449527579872","INDEX","RELAX","鱼塘热榜","http://java-run-blog.oss-cn-zhangjiakou.aliyuncs.com/index/fish-6c030b5aa1.ico","https://mo.fish/","聚合每日热门、搞笑、有趣资讯","2021-08-23 22:46:02",,"0"
"1432449527579904","INDEX","RELAX","糗事百科","http://java-run-blog.oss-cn-zhangjiakou.aliyuncs.com/index/baike-31c03d9421.jpg","https://www.qiushibaike.com/","超搞笑的原创糗事笑话分享社区","2021-08-23 22:46:02",,"0"
"1432449527579936","INDEX","RELAX","怀旧游戏合集","http://java-run-blog.oss-cn-zhangjiakou.aliyuncs.com/index/yx-b6325b5015.png","http://www.itmind.net/xbw/","小霸王超级玛丽魂斗罗雪人兄弟","2021-08-23 22:46:02",,"0"
"1432449527579968","INDEX","RELAX","俄罗斯方块","http://java-run-blog.oss-cn-zhangjiakou.aliyuncs.com/index/tetris-f85673c2e5.jpg","http://www.itmind.net/tetris/","经典俄罗斯方块网页版","2021-08-23 22:46:02",,"0"
"1432449527580000","INDEX","RELAX","抽屉新热榜","http://java-run-blog.oss-cn-zhangjiakou.aliyuncs.com/index/chouti-d38b877458.png","https://dig.chouti.com/","聚合每日热门、搞笑、有趣资讯","2021-08-23 22:46:02",,"0"
"1432449527580032","INDEX","RELAX","神笔马良","http://java-run-blog.oss-cn-zhangjiakou.aliyuncs.com/index/fwebhek-1b5202291c.ico","https://www.webhek.com/post/draw-a-stickman.html","小人历险记-创作型游戏","2021-08-23 22:46:02",,"0"
"1432449527580064","INDEX","RELAX","找到那个牛","http://java-run-blog.oss-cn-zhangjiakou.aliyuncs.com/index/findtheinvisiblecow-727df7d9a8.png","https://findtheinvisiblecow.com/","一个根据声音找动物的小游戏","2021-08-23 22:46:02",,"0"
"1432449527580096","INDEX","RELAX","你猜我画","http://java-run-blog.oss-cn-zhangjiakou.aliyuncs.com/index/quickdraw-a6603e64f4.ico","https://quickdraw.withgoogle.com/","只要将你的涂鸦作品添加到全球最大的涂鸦数据集，即可协助训练神经网络辨识涂鸦","2021-08-23 22:46:02",,"0"
"1432449527580128","INDEX","RELAX","外卖红包","http://java-run-blog.oss-cn-zhangjiakou.aliyuncs.com/index/hongbao-6ef4e8eca8.png","https://mp.weixin.qq.com/s/LWagJEHnitxkYtXeCy3zRg","每天点外卖，免费领红包！","2021-08-23 22:46:02",,"0"
"1432449527580160","INDEX","RELAX","2020游戏","http://java-run-blog.oss-cn-zhangjiakou.aliyuncs.com/index/2020-eedbca8801.png","https://2020game.io/","重点推荐，闯关类游戏！","2021-08-23 22:46:03",,"0"
"1432449527580192","INDEX","RELAX","扭曲世界","http://java-run-blog.oss-cn-zhangjiakou.aliyuncs.com/index/strobe-4ec446a0ec.ico","https://strobe.cool/","你周围的世界会改变形状，显得扭曲和变形。","2021-08-23 22:46:03",,"0"
"1432449527580224","INDEX","RELAX","弹力球","http://java-run-blog.oss-cn-zhangjiakou.aliyuncs.com/index/bouncyballs-0500ca5b0a.ico","https://bouncyballs.org/","用鼠标去玩弹力球，解压","2021-08-23 22:46:03",,"0"
"1432449527580256","INDEX","RELAX","搞笑视频","http://java-run-blog.oss-cn-zhangjiakou.aliyuncs.com/index/neave-0b9f505431.ico","https://neave.tv/","随机播放搞笑视频，点击鼠标切换","2021-08-23 22:46:03",,"0"
"1432449527580288","INDEX","RELAX","贪吃蛇","http://java-run-blog.oss-cn-zhangjiakou.aliyuncs.com/index/playsnake-63e3cb3b11.ico","https://playsnake.org/","在线贪吃蛇小游戏","2021-08-23 22:46:03",,"0"
"1432449527580320","INDEX","RELAX","监测地球","http://java-run-blog.oss-cn-zhangjiakou.aliyuncs.com/index/earth-57e9c5427b.ico","https://zoom.earth/","通过地图来检测区域天气、地形","2021-08-23 22:46:03",,"0"
"1432449527580352","INDEX","RELAX","在线放风筝","http://java-run-blog.oss-cn-zhangjiakou.aliyuncs.com/index/bellwoods-33bc4ba9f8.png","https://bellwoods.xyz/","移动鼠标可以让风筝飞翔，伴随着音乐","2021-08-23 22:46:03",,"0"
"1432449527580384","INDEX","RELAX","自由钢琴","http://java-run-blog.oss-cn-zhangjiakou.aliyuncs.com/index/autopiano-f3fd66ec16.ico","https://www.autopiano.cn/","在网页上谈钢琴，也可以根据曲子演奏","2021-08-23 22:46:03",,"0"
"1432449527580416","INDEX","RELAX","网页开车","http://java-run-blog.oss-cn-zhangjiakou.aliyuncs.com/index/simon-b356ccaa20.png","https://bruno-simon.com/","控制模拟的遥控车在地图上随意行驶，十分解压","2021-08-23 22:46:03",,"0"
"1432449527580448","INDEX","RELAX","台球游戏","http://java-run-blog.oss-cn-zhangjiakou.aliyuncs.com/index/heyzxz-bdef8d8538.png","http://www.heyzxz.me/pcol/","在线台球游戏，画质很精美","2021-08-23 22:46:03",,"0"
"1432449527580480","INDEX","STUDY","菜鸟教程","http://java-run-blog.oss-cn-zhangjiakou.aliyuncs.com/index/cn-bd9f5b52aa.ico","https://www.runoob.com/","学的不仅是技术，更是梦想！","2021-08-23 22:46:03",,"0"
"1432449527580512","INDEX","STUDY","易百教程","http://java-run-blog.oss-cn-zhangjiakou.aliyuncs.com/index/yibai-7067fe9e9b.png","https://www.yiibai.com/","专注于IT教程和实例","2021-08-23 22:46:03",,"0"
"1432449527580544","INDEX","STUDY","W3school","http://java-run-blog.oss-cn-zhangjiakou.aliyuncs.com/index/w3-43cf6d9cfd.png","https://www.w3school.com.cn/","全球最大的中文 Web 技术教程","2021-08-23 22:46:03",,"0"
"1432449527580576","INDEX","STUDY","慕课网","http://java-run-blog.oss-cn-zhangjiakou.aliyuncs.com/index/imooc-9e15fdc678.png","https://www.imooc.com/","程序员的梦工厂","2021-08-23 22:46:03",,"0"
"1432449527580608","INDEX","STUDY","Gitchat","http://java-run-blog.oss-cn-zhangjiakou.aliyuncs.com/index/gitchat-47e4e7fb64.png","https://gitbook.cn/","IT知识分享平台","2021-08-23 22:46:03",,"0"
"1432449527580640","INDEX","STUDY","力扣LeetCode","http://java-run-blog.oss-cn-zhangjiakou.aliyuncs.com/index/leet-3b79726c5a.jpg","https://leetcode-cn.com/","专业的LeetCode分享平台","2021-08-23 22:46:03",,"0"
"1432449527580672","INDEX","STUDY","Bootstrap中文网","http://java-run-blog.oss-cn-zhangjiakou.aliyuncs.com/index/bootcss-3de28cd3b1.ico","https://www.bootcss.com/","致力于提供详尽的Bootstrap中文文档、代码实例。","2021-08-23 22:46:03",,"0"
"1432449527580704","INDEX","STUDY","GitHub","http://java-run-blog.oss-cn-zhangjiakou.aliyuncs.com/index/github-2c2870f30b.svg","https://github.com/","世界最大的开源代码共享社区","2021-08-23 22:46:03",,"0"
"1432449527580736","INDEX","STUDY","Gitee","http://java-run-blog.oss-cn-zhangjiakou.aliyuncs.com/index/gitee-77552918a2.png","https://gitee.com/","中国最大的开源代码共享社区","2021-08-23 22:46:03",,"0"
"1432449527580768","INDEX","STUDY","B站","http://java-run-blog.oss-cn-zhangjiakou.aliyuncs.com/index/bili-f2d2896c48.ico","https://www.bilibili.com/","国内知名的视频弹幕网站","2021-08-23 22:46:03",,"0"
"1432449527580800","INDEX","STUDY","中国大学MOOC(慕课）","http://java-run-blog.oss-cn-zhangjiakou.aliyuncs.com/index/edu-ec1043b6d1.png","https://www.icourse163.org/","国家精品课程在线学习平台","2021-08-23 22:46:03",,"0"
"1432449527580832","INDEX","STUDY","网易云课堂","http://java-run-blog.oss-cn-zhangjiakou.aliyuncs.com/index/163-7d7544ad84.png","https://study.163.com/category/480000003131009","网易云课堂编程语言频道","2021-08-23 22:46:03",,"0"
"1432449527580864","INDEX","STUDY","简单教程","http://java-run-blog.oss-cn-zhangjiakou.aliyuncs.com/index/jian-43d57709a2.png","https://www.twle.cn/","简单教程，简单编程","2021-08-23 22:46:03",,"0"
"1432449527580896","INDEX","STUDY","码农教程","http://java-run-blog.oss-cn-zhangjiakou.aliyuncs.com/index/ma-3deee567d6.ico","http://www.manongjc.com/","IT编程入门网","2021-08-23 22:46:03",,"0"
"1432449527580928","INDEX","STUDY","SpringBoot中文导航","http://java-run-blog.oss-cn-zhangjiakou.aliyuncs.com/index/spring-0fbb2f0adb.png","http://springboot.fun/","Spring Boot 中文社区资源链接导航","2021-08-23 22:46:03",,"0"
"1432449527580960","INDEX","STUDY","SpringCloud中文导航","http://java-run-blog.oss-cn-zhangjiakou.aliyuncs.com/index/spring-0fbb2f0adb.png","http://springcloud.fun/","Spring Cloud 中文社区资源链接导航","2021-08-23 22:46:03",,"0"
"1432449527580992","INDEX","STUDY","技术博客","http://java-run-blog.oss-cn-zhangjiakou.aliyuncs.com/index/blog-7c3f29a660.jpg","http://techblog.pub/","原创技术博客大联盟","2021-08-23 22:46:03",,"0"
"1432449527581024","INDEX","STUDY","coursera","http://java-run-blog.oss-cn-zhangjiakou.aliyuncs.com/index/courese-b4ac574c1a.png","https://www.coursera.org/","大型公开在线课程项目","2021-08-23 22:46:03",,"0"
"1432449527581056","INDEX","STUDY","拉钩教育","http://java-run-blog.oss-cn-zhangjiakou.aliyuncs.com/index/lagou-67d3b11ab8.png","https://kaiwu.lagou.com/","拉勾旗下的互联网人职场专业能力提升平台","2021-08-23 22:46:03",,"0"
"1432449527581088","INDEX","STUDY","极客时间","http://java-run-blog.oss-cn-zhangjiakou.aliyuncs.com/index/time-a55cf483a3.jpg","https://time.geekbang.org/","轻松学习，高效学习","2021-08-23 22:46:03",,"0"
"1432449527581120","INDEX","STUDY","极客学院","http://java-run-blog.oss-cn-zhangjiakou.aliyuncs.com/index/jk-93178315f0.jpg","https://wiki.jikexueyuan.com/","中国专业的IT职业在线教育平台","2021-08-23 22:46:03",,"0"
"1432449527581152","INDEX","STUDY","AlgoMooc算法慕课网","http://java-run-blog.oss-cn-zhangjiakou.aliyuncs.com/index/algo-d9b72616b4.png","https://www.algomooc.com/","每道题目都有动画和图片","2021-08-23 22:46:03",,"0"
"1432449527581184","INDEX","STUDY","人工智能教程","http://java-run-blog.oss-cn-zhangjiakou.aliyuncs.com/index/ai-d8b18f9975.png","https://www.captainai.net/puresmilex","史上最通俗易懂的 AI 教程","2021-08-23 22:46:03",,"0"
"1432449527581216","INDEX","DEV_TOOL","软件下载中心","http://java-run-blog.oss-cn-zhangjiakou.aliyuncs.com/index/pc-qq-cd107efea8.png","https://pc.qq.com/category/c13.html","腾讯软件免费下载中心，好用，可高速下载。","2021-08-23 22:46:03",,"0"
"1432449527581248","INDEX","DEV_TOOL","VS Code","http://java-run-blog.oss-cn-zhangjiakou.aliyuncs.com/index/vscode-2c5c48fb4c.png","https://code.visualstudio.com/","最受欢迎的代码编辑器！","2021-08-23 22:46:03",,"0"
"1432449527581280","INDEX","DEV_TOOL","IntelliJ IDEA","http://java-run-blog.oss-cn-zhangjiakou.aliyuncs.com/index/idea-1766c23e71.png","https://www.jetbrains.com/idea/","Java 最好用的编程工具！","2021-08-23 22:46:03",,"0"
"1432449527581312","INDEX","DEV_TOOL","IDEA 破解","http://java-run-blog.oss-cn-zhangjiakou.aliyuncs.com/index/idea-1766c23e71.png","http://itmooc.tech/","免费获取破解码和破解工具","2021-08-23 22:46:03",,"0"
"1432449527581344","INDEX","DEV_TOOL","Sublime Text","http://java-run-blog.oss-cn-zhangjiakou.aliyuncs.com/index/sublime-a6fdb05331.png","https://www.sublimetext.com/","超轻量且强大的跨平台文本编辑器。","2021-08-23 22:46:03",,"0"
"1432449527581376","INDEX","DEV_TOOL","secureCRT&amp;FX","http://java-run-blog.oss-cn-zhangjiakou.aliyuncs.com/index/vandyke-2d0320fd1e.ico","https://www.vandyke.com/download/index.html","超好用的 FTP SSH 连接工具","2021-08-23 22:46:03",,"0"
"1432449527581408","INDEX","DEV_TOOL","Navicat","http://java-run-blog.oss-cn-zhangjiakou.aliyuncs.com/index/navicat-736fb1ed2f.png","https://www.navicat.com.cn/download/navicat-premium","数据库常用客户端工具","2021-08-23 22:46:03",,"0"
"1432449527581440","INDEX","DEV_TOOL","Postman","http://java-run-blog.oss-cn-zhangjiakou.aliyuncs.com/index/postman-445948fc06.ico","https://www.postman.com/downloads/","API接口测试神器","2021-08-23 22:46:03",,"0"
"1432449527581472","INDEX","DEV_TOOL","ApiPost","http://java-run-blog.oss-cn-zhangjiakou.aliyuncs.com/index/apipost-bf80377661.png","https://www.apipost.cn/download.html","一个支持模拟POST、GET、PUT等常见HTTP请求，支持团队协作，并可直接生成并导出接口文档的API调试、管理工具","2021-08-23 22:46:03",,"0"
"1432449527581504","INDEX","DEV_TOOL","Eclipse","http://java-run-blog.oss-cn-zhangjiakou.aliyuncs.com/index/eclipse-ff28d24092.png","https://www.eclipse.org/downloads/","老牌 Java 编辑器,用户量很广","2021-08-23 22:46:03",,"0"
"1432449527581536","INDEX","DEV_TOOL","atom","http://java-run-blog.oss-cn-zhangjiakou.aliyuncs.com/index/atom-fe0d8ea263.png","https://atom.io/","GitHub 开发的开源代码编辑器","2021-08-23 22:46:03",,"0"
"1432449527581568","INDEX","DEV_TOOL","WebStorm","http://java-run-blog.oss-cn-zhangjiakou.aliyuncs.com/index/webstorm-536d92006e.png","https://www.jetbrains.com/webstorm/","Web前端开发神器","2021-08-23 22:46:03",,"0"
"1432449527581600","INDEX","DEV_TOOL","Pycharm","http://java-run-blog.oss-cn-zhangjiakou.aliyuncs.com/index/pycharm-7dfc7a6f65.png","https://www.jetbrains.com/pycharm/","专业的 Python IDE 功能很强！","2021-08-23 22:46:03",,"0"
"1432449527581632","INDEX","DEV_TOOL","android studio","http://java-run-blog.oss-cn-zhangjiakou.aliyuncs.com/index/as-9242c53992.png","https://developer.android.com/studio","谷歌推出的 Android 集成开发工具","2021-08-23 22:46:03",,"0"
"1432449527581664","INDEX","DEV_TOOL","DataGrip","http://java-run-blog.oss-cn-zhangjiakou.aliyuncs.com/index/datagrip-4e7bc65774.png","https://www.jetbrains.com/datagrip/","一款强大的数据库编程工具","2021-08-23 22:46:03",,"0"
"1432449527581696","INDEX","DEV_TOOL","DBeaver","http://java-run-blog.oss-cn-zhangjiakou.aliyuncs.com/index/dbeaver-b555900444.png","https://dbeaver.io/","一款免费开源的通用数据库工具","2021-08-23 22:46:03",,"0"
"1432449529675808","INDEX","DEV_TOOL","studio3t","http://java-run-blog.oss-cn-zhangjiakou.aliyuncs.com/index/studio3t-3a6e90cf33.png","https://studio3t.com/download/","MongoDB 最好用的客户端工具","2021-08-23 22:46:03",,"0"
"1432449529675840","INDEX","DEV_TOOL","Redis Desktop Manager","http://java-run-blog.oss-cn-zhangjiakou.aliyuncs.com/index/rdm-96cc8d2894.png","https://rdm.dev/","Redis 客户端推荐工具！","2021-08-23 22:46:03",,"0"
"1432449529675872","INDEX","DEV_TOOL","Another Redis Desktop Manager","http://java-run-blog.oss-cn-zhangjiakou.aliyuncs.com/index/aredis-f301d0785e.png","https://github.com/qishibo/AnotherRedisDesktopManager","一款稳定全新的Redis客户端工具","2021-08-23 22:46:03",,"0"
"1432449529675904","INDEX","DEV_TOOL","Fiddler","http://java-run-blog.oss-cn-zhangjiakou.aliyuncs.com/index/fiddler-b439914b43.png","https://www.telerik.com/download/fiddler","最常见的网络抓包工具","2021-08-23 22:46:03",,"0"
"1432449529675936","INDEX","DEV_TOOL","EditPlus","http://java-run-blog.oss-cn-zhangjiakou.aliyuncs.com/index/editplus-a56d8dd615.png","https://www.editplus.com/download.html","比较常用的文本编辑器","2021-08-23 22:46:03",,"0"
"1432449529675968","INDEX","DEV_TOOL","Beyond Compare","http://java-run-blog.oss-cn-zhangjiakou.aliyuncs.com/index/bc-bd776d2d33.ico","https://www.scootersoftware.com/download.php","文件（代码）对比神器！","2021-08-23 22:46:03",,"0"
"1432449529676000","INDEX","DEV_TOOL","Draw.io","http://java-run-blog.oss-cn-zhangjiakou.aliyuncs.com/index/draw-io-b12e6aa6c5.jpg","https://draw-io.en.softonic.com/","一款图表编辑工具, 可以用来编辑工作流, BPM, org charts, UML, ER图, 网络拓扑图等","2021-08-23 22:46:03",,"0"
"1432449529676032","INDEX","DEV_TOOL","FinalShell","http://java-run-blog.oss-cn-zhangjiakou.aliyuncs.com/index/finalxshell-695a965b96.png","https://www.hostbuf.com/t/988.html","一体化的的服务器,网络管理软件,不仅是ssh客户端,还是功能强大的开发,运维工具","2021-08-23 22:46:03",,"0"
"1432449529676064","INDEX","DEV_TOOL","Chrome","http://java-run-blog.oss-cn-zhangjiakou.aliyuncs.com/index/chrome-988d281849.png","https://www.google.cn/chrome/","研发人员最爱的浏览器","2021-08-23 22:46:03",,"0"
"1432449529676096","INDEX","DEV_TOOL","XMind","http://java-run-blog.oss-cn-zhangjiakou.aliyuncs.com/index/xmind-93f5d29a38.png","https://www.xmind.cn/download/","思维导图设计工具","2021-08-23 22:46:03",,"0"
"1432449529676128","INDEX","DEV_TOOL","SnipPaste","http://java-run-blog.oss-cn-zhangjiakou.aliyuncs.com/index/SnipPaste-ffac24a207.png","https://www.snipaste.com/","便捷的截图工具","2021-08-23 22:46:03",,"0"
"1432449529676160","INDEX","DEV_TOOL","Everything","http://java-run-blog.oss-cn-zhangjiakou.aliyuncs.com/index/everything-2d6728a3a2.png","https://everything.en.softonic.com/","虐爆windows搜索的文件搜索工具","2021-08-23 22:46:03",,"0"
"1432449529676192","INDEX","DEV_TOOL","Nodepad++","http://java-run-blog.oss-cn-zhangjiakou.aliyuncs.com/index/Nodepad-68cbdda9b3.png","https://notepad-plus.en.softonic.com/","好用的文本编辑工具","2021-08-23 22:46:03",,"0"
"1432449529676224","INDEX","DEV_TOOL","PotPlayer","http://java-run-blog.oss-cn-zhangjiakou.aliyuncs.com/index/PotPlayer-a844a4e641.png","https://pc.qq.com/detail/14/detail_15654.html","评分极高的视频播放软件","2021-08-23 22:46:03",,"0"
"1432449529676256","INDEX","WORK","石墨文档","http://java-run-blog.oss-cn-zhangjiakou.aliyuncs.com/index/shimo-04a038c435.ico","https://shimo.im/","企业在线协同办公系统平台","2021-08-23 22:46:03",,"0"
"1432449529676288","INDEX","WORK","腾讯文档","http://java-run-blog.oss-cn-zhangjiakou.aliyuncs.com/index/qqdoc-495f3f4001.ico","https://docs.qq.com/","腾讯文档是一款可多人协作的在线文档,可同时编辑Word、Excel和PPT文档,云端实时保存。","2021-08-23 22:46:03",,"0"
"1432449529676320","INDEX","WORK","百度网盘","http://java-run-blog.oss-cn-zhangjiakou.aliyuncs.com/index/pan-7f5e5f59ad.ico","https://pan.baidu.com/","文件网络备份、同步和分享服务","2021-08-23 22:46:03",,"0"
"1432449529676352","INDEX","WORK","金山文档","http://java-run-blog.oss-cn-zhangjiakou.aliyuncs.com/index/wps-65e144d83e.png","https://www.kdocs.cn/","金山多人实时协作的在线Office","2021-08-23 22:46:03",,"0"
"1432449529676384","INDEX","WORK","阿里云盘","http://java-run-blog.oss-cn-zhangjiakou.aliyuncs.com/index/ali-7eb89070a6.png","https://www.aliyundrive.com/","阿里云盘，不限速","2021-08-23 22:46:03",,"0"
"1432449529676416","INDEX","WORK","Processon","http://java-run-blog.oss-cn-zhangjiakou.aliyuncs.com/index/on-f4a6dafc9b.ico","https://www.processon.com/","免费在线作图、实时协作","2021-08-23 22:46:03",,"0"
"1432449529676448","INDEX","WORK","语雀","http://java-run-blog.oss-cn-zhangjiakou.aliyuncs.com/index/yue-52419f3f4f.png","https://www.yuque.com/","优雅高效的在线文档编辑与协同工具","2021-08-23 22:46:03",,"0"
"1432449529676480","INDEX","WORK","有道云笔记","http://java-run-blog.oss-cn-zhangjiakou.aliyuncs.com/index/youdao-8087392185.ico","https://note.youdao.com/web","专注办公提效的笔记软件","2021-08-23 22:46:03",,"0"
"1432449529676512","INDEX","WORK","Teambition","http://java-run-blog.oss-cn-zhangjiakou.aliyuncs.com/index/tb-98766edc04.ico","https://www.teambition.com/","阿里巴巴工作学习套件","2021-08-23 22:46:03",,"0"
"1432449529676544","INDEX","WORK","麦客","http://java-run-blog.oss-cn-zhangjiakou.aliyuncs.com/index/mk-f76ae67507.png","http://www.mikecrm.com/","麦客CRM是一款在线表单制作工具","2021-08-23 22:46:03",,"0"
"1432449529676576","INDEX","WORK","问卷星","http://java-run-blog.oss-cn-zhangjiakou.aliyuncs.com/index/wjx-1fa23aad81.png","https://www.wjx.cn/","超过18亿人次在问卷星上填写问卷调查","2021-08-23 22:46:03",,"0"
"1432449529676608","INDEX","WORK","金数据","http://java-run-blog.oss-cn-zhangjiakou.aliyuncs.com/index/jin-6a0e9d52a1.ico","https://jinshuju.net/","在线轻松实现线上获客问卷调查活动报名投票评选","2021-08-23 22:46:03",,"0"
"1432449529676640","INDEX","WORK","百度H5","http://java-run-blog.oss-cn-zhangjiakou.aliyuncs.com/index/h5-f23458382b.png","https://h5.bce.baidu.com/","一个在线H5制作平台","2021-08-23 22:46:03",,"0"
"1432449529676672","INDEX","WORK","图表秀","http://java-run-blog.oss-cn-zhangjiakou.aliyuncs.com/index/tbx-a4bd2ae2ee.png","https://www.tubiaoxiu.com/","图表秀提供免费的在线图表制作工具","2021-08-23 22:46:03",,"0"
"1432449529676704","INDEX","WORK","白描","http://java-run-blog.oss-cn-zhangjiakou.aliyuncs.com/index/baimiao-f9759b70ed.ico","https://web.baimiaoapp.com/","高效准确的中文ocr文字识别软件与文件扫描软件","2021-08-23 22:46:03",,"0"
"1432449529676736","INDEX","WORK","小鹅通","http://java-run-blog.oss-cn-zhangjiakou.aliyuncs.com/index/xiaoe-cb266bc655.ico","https://www.xiaoe-tech.com/","助力自媒体实现知识变现","2021-08-23 22:46:03",,"0"
"1432449529676768","INDEX","WORK","多人视频","http://java-run-blog.oss-cn-zhangjiakou.aliyuncs.com/index/brie-e441c09c69.ico","https://brie.fi/ng","在线多人视频工具","2021-08-23 22:46:03",,"0"
"1432449529676800","INDEX","WORK","在线API","http://java-run-blog.oss-cn-zhangjiakou.aliyuncs.com/index/showdoc-1fbc02dc6f.ico","https://www.showdoc.com.cn/","一个非常适合IT团队的在线API文档、技术文档工具","2021-08-23 22:46:03",,"0"
"1432449529676832","INDEX","MEDIA","豆瓣","http://java-run-blog.oss-cn-zhangjiakou.aliyuncs.com/index/douban-27c1c29461.ico","https://www.douban.com/","文艺青年聚集地","2021-08-23 22:46:03",,"0"
"1432449529676864","INDEX","MEDIA","知乎","http://java-run-blog.oss-cn-zhangjiakou.aliyuncs.com/index/zhihu-ca1078b5f5.png","https://www.zhihu.com/","中国最大的问答社区","2021-08-23 22:46:03",,"0"
"1432449529676896","INDEX","MEDIA","微博","http://java-run-blog.oss-cn-zhangjiakou.aliyuncs.com/index/weibo-7cfb7b6da2.ico","https://weibo.com/","随时随地发现新鲜事","2021-08-23 22:46:03",,"0"
"1432449529676928","INDEX","MEDIA","今日头条","http://java-run-blog.oss-cn-zhangjiakou.aliyuncs.com/index/toutiao-6d240fdd90.ico","https://www.toutiao.com/","是一个通用信息平台","2021-08-23 22:46:03",,"0"
"1432449529676960","INDEX","MEDIA","抖音","http://java-run-blog.oss-cn-zhangjiakou.aliyuncs.com/index/dou-7145ff04ab.ico","https://creator.douyin.com/","短视频-记录美好生活","2021-08-23 22:46:03",,"0"
"1432449529676992","INDEX","MEDIA","快手","http://java-run-blog.oss-cn-zhangjiakou.aliyuncs.com/index/kwai-2a6e406dc8.ico","https://video.kuaishou.com/","短视频-拥抱每一种生活","2021-08-23 22:46:03",,"0"
"1432449529677024","INDEX","MEDIA","小红书","http://java-run-blog.oss-cn-zhangjiakou.aliyuncs.com/index/xhs-e0949b8801.jpg","https://www.xiaohongshu.com/explore","标记我的生活","2021-08-23 22:46:03",,"0"
"1432449529677056","INDEX","MEDIA","简书","http://java-run-blog.oss-cn-zhangjiakou.aliyuncs.com/index/jian-11caef354d.ico","https://www.jianshu.com/","一个写作的社区","2021-08-23 22:46:03",,"0"
"1432449529677088","INDEX","MEDIA","雪球","http://java-run-blog.oss-cn-zhangjiakou.aliyuncs.com/index/xueqiu-e3753be7e5.png","https://xueqiu.com/","专业股票交流社区","2021-08-23 22:46:03",,"0"
"1432449529677120","INDEX","MEDIA","虎扑","http://java-run-blog.oss-cn-zhangjiakou.aliyuncs.com/index/hu-82fc637543.ico","https://www.hupu.com/","体育赛事和日常生活为主的专业直文化社区网站","2021-08-23 22:46:03",,"0"
"1432449529677152","INDEX","MEDIA","百度贴吧","http://java-run-blog.oss-cn-zhangjiakou.aliyuncs.com/index/baidu-bf0d4e36eb.png","https://tieba.baidu.com/","百度贴吧——全球最大的中文社区","2021-08-23 22:46:03",,"0"
"1432449529677184","INDEX","MEDIA","天涯社区","http://java-run-blog.oss-cn-zhangjiakou.aliyuncs.com/index/tianya-5c53f172f4.ico","https://www.tianya.cn/","天涯社区_全球华人网上家园","2021-08-23 22:46:03",,"0"
"1432449529677216","INDEX","RESOURCES","鸠摩搜索","http://java-run-blog.oss-cn-zhangjiakou.aliyuncs.com/index/mo-d674904298.png","https://www.jiumodiary.com/","文档搜索引擎","2021-08-23 22:46:03",,"0"
"1432449529677248","INDEX","RESOURCES","MacWk","http://java-run-blog.oss-cn-zhangjiakou.aliyuncs.com/index/mac-30a24f58ff.ico","https://macwk.com/","精品mac软件下载","2021-08-23 22:46:03",,"0"
"1432449529677280","INDEX","RESOURCES","优品PPT","http://java-run-blog.oss-cn-zhangjiakou.aliyuncs.com/index/youpin-f9960cefd5.svg","https://www.ypppt.com/","免费 一个有情怀的免费PPT模板下载网站","2021-08-23 22:46:03",,"0"
"1432449529677312","INDEX","RESOURCES","PPT宝藏","http://java-run-blog.oss-cn-zhangjiakou.aliyuncs.com/index/pptbz-147a692110.ico","http://www.pptbz.com/","PPT宝藏提供大量好看漂亮的PPT模板","2021-08-23 22:46:03",,"0"
"1432449529677344","INDEX","RESOURCES","小众软件","http://java-run-blog.oss-cn-zhangjiakou.aliyuncs.com/index/youpin-f9960cefd5.svg","https://love.appinn.com/","Windows 版 -由小众软件读者评选得出优秀的软件","2021-08-23 22:46:03",,"0"
"1432449529677376","INDEX","RESOURCES","依奇","http://java-run-blog.oss-cn-zhangjiakou.aliyuncs.com/index/wd-2e93ee04c8.ico","https://www.wdku.net/","在线超级转换工具","2021-08-23 22:46:03",,"0"
"1432449529677408","INDEX","RESOURCES","apkpure","http://java-run-blog.oss-cn-zhangjiakou.aliyuncs.com/index/apkpure-d4fe6470d5.ico","https://apkpure.com/cn/","国外 APP 安卓应用下载","2021-08-23 22:46:04",,"0"
"1432449529677440","INDEX","RESOURCES","硕鼠","http://java-run-blog.oss-cn-zhangjiakou.aliyuncs.com/index/jinali-c7fd2bce6f.ico","http://www.flvcd.com/","最稳定的视频下载平台","2021-08-23 22:46:04",,"0"
"1432449529677472","INDEX","RESOURCES","BT导航网","http://java-run-blog.oss-cn-zhangjiakou.aliyuncs.com/index/bt-1d3b3001ee.ico","http://wherebt.com/","提供各种BT资源导航","2021-08-23 22:46:04",,"0"
"1432449529677504","INDEX","RESOURCES","照片生成动漫","http://java-run-blog.oss-cn-zhangjiakou.aliyuncs.com/index/og-e5cd39d8a9.jpg","https://selfie2anime.com/","照片变动漫生成器","2021-08-23 22:46:04",,"0"
"1432449529677536","INDEX","RESOURCES","有趣网","http://java-run-blog.oss-cn-zhangjiakou.aliyuncs.com/index/youqu-a354c564b7.png","https://youquhome.com/","收藏全球最有趣的网站","2021-08-23 22:46:04",,"0"
"1432449529677568","INDEX","RESOURCES","简历模板","http://java-run-blog.oss-cn-zhangjiakou.aliyuncs.com/index/jinali-c7fd2bce6f.ico","https://www.100chui.com/moban/","锤子简历最专业的word简历模板免费下载频道","2021-08-23 22:46:04",,"0"
"1432449529677600","INDEX","RESOURCES","短信轰炸","http://java-run-blog.oss-cn-zhangjiakou.aliyuncs.com/index/boom-7fd8d7a13a.jpg","http://www.ydhz.xyz/","谨慎使用！！轰炸对方手机号，发送垃圾短信","2021-08-23 22:46:04",,"0"
"1432449529677632","INDEX","RESOURCES","云收短信","http://java-run-blog.oss-cn-zhangjiakou.aliyuncs.com/index/zsms-af565d7607.png","http://www.z-sms.com/","免费接码（验证码）平台","2021-08-23 22:46:04",,"0"
"1432449529677664","INDEX","RESOURCES","头像变动漫","http://java-run-blog.oss-cn-zhangjiakou.aliyuncs.com/index/toonme-324038fc44.jpg","https://toonme.com/","通过AI操作卡通化你的脸","2021-08-23 22:46:04",,"0"
"1432449529677696","INDEX","RESOURCES","装X神器","http://java-run-blog.oss-cn-zhangjiakou.aliyuncs.com/index/geek-1e9275e445.png","https://geektyper.com/","一个模拟hacker工作的虚拟桌面系统","2021-08-23 22:46:04",,"0"
"1432449529677728","INDEX","RESOURCES","身份证生成器","http://java-run-blog.oss-cn-zhangjiakou.aliyuncs.com/index/sfz-19b2c45818.ico","http://sfz.uzuzuz.com/","按身份证验证规则生成虚拟身份证号，非真实身份证，仅供测试使用","2021-08-23 22:46:04",,"0"
"1432449529677760","INDEX","RESOURCES","文件格式转换","http://java-run-blog.oss-cn-zhangjiakou.aliyuncs.com/index/convert-46829b17e5.png","https://convertio.co/zh/","图片、视频、压缩包、PDF格式转换","2021-08-23 22:46:04",,"0"
"1432449529677792","INDEX","IMAGES","图片在线编辑","http://java-run-blog.oss-cn-zhangjiakou.aliyuncs.com/index/iloveimg-b5774e2dc3.png","https://www.iloveimg.com/zh-cn","一款免费在线处理图片文件的网站","2021-08-23 22:46:04",,"0"
"1432449529677824","INDEX","IMAGES","图片合并切割","http://java-run-blog.oss-cn-zhangjiakou.aliyuncs.com/index/zuohaotu-436aa8e5bc.ico","http://www.zuohaotu.com/","免费在线图片转换处理","2021-08-23 22:46:04",,"0"
"1432449529677856","INDEX","IMAGES","图片加水印","http://java-run-blog.oss-cn-zhangjiakou.aliyuncs.com/index/onlinedo-4fce6e5d68.ico","https://www.onlinedo.cn/img-shuiyin","图片处理网址","2021-08-23 22:46:04",,"0"
"1432449529677888","INDEX","IMAGES","图片去水印","http://java-run-blog.oss-cn-zhangjiakou.aliyuncs.com/index/apowersoft-94f813b837.ico","https://www.apowersoft.cn/image-watermark-remover","一款免费在线的图片去水印软件","2021-08-23 22:46:04",,"0"
"1432449529677920","INDEX","IMAGES","图片背景消除","http://java-run-blog.oss-cn-zhangjiakou.aliyuncs.com/index/remove-caf9f04ec6.ico","https://www.remove.bg/zh","快速AI自动抠图！","2021-08-23 22:46:04",,"0"
"1432449529677952","INDEX","IMAGES","AI智能抠图","http://java-run-blog.oss-cn-zhangjiakou.aliyuncs.com/index/6k6k-278450fb70.ico","https://www.6k6k.cn/","免费人工智能抠图软件","2021-08-23 22:46:04",,"0"
"1432449529677984","INDEX","IMAGES","搞定抠图","http://java-run-blog.oss-cn-zhangjiakou.aliyuncs.com/index/gaoding-696a9df60d.ico","https://koutu.gaoding.com/","在线删除图片背景","2021-08-23 22:46:04",,"0"
"1432449529678016","INDEX","IMAGES","图片无损压缩","http://java-run-blog.oss-cn-zhangjiakou.aliyuncs.com/index/tinypng-c98b2cc2d5.ico","https://tinypng.com/","图片无损压缩网址","2021-08-23 22:46:04",,"0"
"1432449529678048","INDEX","IMAGES","在线PS软件","http://java-run-blog.oss-cn-zhangjiakou.aliyuncs.com/index/uupoop-106f19286c.ico","https://www.uupoop.com/","在线PS图片（照片）处理工具","2021-08-23 22:46:04",,"0"
"1432449529678080","INDEX","IMAGES","搞定设计","http://java-run-blog.oss-cn-zhangjiakou.aliyuncs.com/index/gaoding-696a9df60d.ico","https://www.gaoding.com/s/newmedia/","稿定设计是一个简单有趣的图片视频设计平台","2021-08-23 22:46:04",,"0"
"1432449529678112","INDEX","IMAGES","创可贴","http://java-run-blog.oss-cn-zhangjiakou.aliyuncs.com/index/chuangkit-b6ca6f4d0f.ico","https://www.chuangkit.com/","专注图片模板在线设计","2021-08-23 22:46:04",,"0"
"1432449529678144","INDEX","IMAGES","图怪兽","http://java-run-blog.oss-cn-zhangjiakou.aliyuncs.com/index/818ps-392b7c134f.ico","https://818ps.com/","在线图片编辑器,搞定平面设计不求人","2021-08-23 22:46:04",,"0"
"1432449529678176","INDEX","IMAGES","制作Gif图片","http://java-run-blog.oss-cn-zhangjiakou.aliyuncs.com/index/tutieshi-cb219f704d.ico","https://www.tutieshi.com/","视频转GIF软件,GIF裁剪合成工具","2021-08-23 22:46:04",,"0"
"1432449529678208","INDEX","IMAGES","Logo设计","http://java-run-blog.oss-cn-zhangjiakou.aliyuncs.com/index/designevo-b17504a35d.ico","https://www.designevo.com/cn/logo-maker/","快速设计出专属于你的logo","2021-08-23 22:46:04",,"0"
"1432449529678240","INDEX","IMAGES","在线SVG制作","http://java-run-blog.oss-cn-zhangjiakou.aliyuncs.com/index/51tools-98ca108127.ico","https://51tools.info/svg/","svg矢量图在线制作工具","2021-08-23 22:46:04",,"0"
"1432449529678272","INDEX","IMAGES","生成透明ICO","http://java-run-blog.oss-cn-zhangjiakou.aliyuncs.com/index/ico51-5799b07815.ico","http://www.ico51.cn/","在线生成透明ICO图标","2021-08-23 22:46:04",,"0"
"1432449529678304","INDEX","IMAGES","Pexels","http://java-run-blog.oss-cn-zhangjiakou.aliyuncs.com/index/pexels-f94e47be0c.ico","https://www.pexels.com/","可免费用于商业用途图片分享网站","2021-08-23 22:46:04",,"0"
"1432449529678336","INDEX","IMAGES","Pixabay","http://java-run-blog.oss-cn-zhangjiakou.aliyuncs.com/index/pixabay-bb8feb6a48.png","https://pixabay.com/","免费正版高清图片素材库","2021-08-23 22:46:04",,"0"
"1432449529678368","INDEX","IMAGES","Unsplash","http://java-run-blog.oss-cn-zhangjiakou.aliyuncs.com/index/unsplash-b8c0fa40de.ico","https://unsplash.com/","一个免费、无版权分享高清图片的网站","2021-08-23 22:46:04",,"0"
"1432449529678400","INDEX","IMAGES","Pxhere","http://java-run-blog.oss-cn-zhangjiakou.aliyuncs.com/index/pxhere-7f20eb051b.png","https://pxhere.com/","免费高清商业素材","2021-08-23 22:46:04",,"0"
"1432449529678432","INDEX","IMAGES","PhotoMosh","http://java-run-blog.oss-cn-zhangjiakou.aliyuncs.com/index/photomosh-998cfd4ccd.ico","https://photomosh.com/","朋克图片生成器","2021-08-23 22:46:04",,"0"
"1432449529678464","INDEX","IMAGES","百度图片搜索","http://java-run-blog.oss-cn-zhangjiakou.aliyuncs.com/index/baidu-bf0d4e36eb.png","https://image.baidu.com/","百度图片搜索","2021-08-23 22:46:04",,"0"
"1432449529678496","INDEX","IMAGES","搞怪图片生成","http://java-run-blog.oss-cn-zhangjiakou.aliyuncs.com/index/zhuang-829c162cd3.png","https://cc.bjadjty.com/","装逼制图,装逼生成器，制图网站,表情包制作,搞笑图片制作","2021-08-23 22:46:04",,"0"
"1432449529678528","INDEX","IMAGES","发表情","http://java-run-blog.oss-cn-zhangjiakou.aliyuncs.com/index/fabiaoqing-80040b0f90.png","https://www.fabiaoqing.com/","最新最全的无水印表情包分享与制作平台","2021-08-23 22:46:04",,"0"
"1432449529678560","INDEX","IMAGES","斗图网","http://java-run-blog.oss-cn-zhangjiakou.aliyuncs.com/index/52doutu-9c7d32a865.ico","https://www.52doutu.cn/","收集了成千上万的撕逼斗图表情包","2021-08-23 22:46:04",,"0"
"1432449529678592","INDEX","IMAGES","逗比拯救世界","http://java-run-blog.oss-cn-zhangjiakou.aliyuncs.com/index/dbbqb-b4107d83dc.ico","https://www.dbbqb.com/","专业的表情包搜索网站","2021-08-23 22:46:04",,"0"
"1432449529678624","INDEX","VIDEO","555电影","http://java-run-blog.oss-cn-zhangjiakou.aliyuncs.com/index/555-39aaa8aea5.ico","https://www.555dy1.com/","每天专业更新热火电影电视剧","2021-08-23 22:46:04",,"0"
"1432449529678656","INDEX","VIDEO","片库","http://java-run-blog.oss-cn-zhangjiakou.aliyuncs.com/index/pianku-1d98a222ea.png","https://www.pianku.li/","全网高清影视聚合下载","2021-08-23 22:46:04",,"0"
"1432449529678688","INDEX","VIDEO","xijing","http://java-run-blog.oss-cn-zhangjiakou.aliyuncs.com/index/xjtv-6a6df2f879.png","http://xijing.tv/","电影片源丰富支持百度云","2021-08-23 22:46:04",,"0"
"1432449529678720","INDEX","VIDEO","在线之家","http://java-run-blog.oss-cn-zhangjiakou.aliyuncs.com/index/zxzj-df225de68d.ico","https://www.zxzj.me/","在线观看最新美剧韩剧","2021-08-23 22:46:04",,"0"
"1432449529678752","INDEX","VIDEO","人人美剧","http://java-run-blog.oss-cn-zhangjiakou.aliyuncs.com/index/mj-2601fbdc0d.ico","https://www.meiju11.com/","专业提供高清好看的人人美剧","2021-08-23 22:46:04",,"0"
"1432449529678784","INDEX","VIDEO","两个 BT","http://java-run-blog.oss-cn-zhangjiakou.aliyuncs.com/index/bttwo-b4ecb911b7.png","https://www.bttwo.com/","各种高清电影在线观看","2021-08-23 22:46:04",,"0"
"1432449529678816","INDEX","VIDEO","新奇遇","http://java-run-blog.oss-cn-zhangjiakou.aliyuncs.com/index/qiyu-ba5459507e.ico","https://www.newqiyu.com/","最新电影电视剧分享","2021-08-23 22:46:04",,"0"
"1432449529678848","INDEX","VIDEO","电影蜜蜂","http://java-run-blog.oss-cn-zhangjiakou.aliyuncs.com/index/dybee-ce31d32780.png","https://www.idybee.com/","在线观看最新美剧韩剧","2021-08-23 22:46:04",,"0"
"1432449529678880","INDEX","VIDEO","人人影视","http://java-run-blog.oss-cn-zhangjiakou.aliyuncs.com/index/yyet-1c776acf53.png","https://yyets.dmesg.app/","人人影视下载分享","2021-08-23 22:46:04",,"0"
"1432449529678912","INDEX","VIDEO","VIP视频解析","http://java-run-blog.oss-cn-zhangjiakou.aliyuncs.com/index/liumingye-1dbba594ad.ico","http://tool.liumingye.cn/video/","VIP在线视频解析，支持各大平台","2021-08-23 22:46:04",,"0"
"1432449529678944","INDEX","VIDEO","船长解析","http://java-run-blog.oss-cn-zhangjiakou.aliyuncs.com/index/vip-527ddcf913.jpg","http://czjx8.com/","vip视频在线解析","2021-08-23 22:46:04",,"0"
"1432449529678976","INDEX","VIDEO","数据可视化","http://java-run-blog.oss-cn-zhangjiakou.aliyuncs.com/index/viggo-75e58b23f6.jpg","http://data.viggo.site/","旨在解决快速、简单生成动态柱状图图表","2021-08-23 22:46:04",,"0"
"1432449529679008","INDEX","VIDEO","视频鱼","http://java-run-blog.oss-cn-zhangjiakou.aliyuncs.com/index/yu-8c4bbf93d5.png","http://www.shipinyu.cn/","一个视频自助解析的服务平台","2021-08-23 22:46:04",,"0"
"1432449529679040","INDEX","VIDEO","视频素材下载","http://java-run-blog.oss-cn-zhangjiakou.aliyuncs.com/index/videvo-67bf7e98b9.ico","https://www.videvo.net/","制作视频的免费素材","2021-08-23 22:46:04",,"0"
"1432449529679072","INDEX","VIDEO","Twitter视频下载器","http://java-run-blog.oss-cn-zhangjiakou.aliyuncs.com/index/savetd-4ce1881be6.ico","https://www.savetweetvid.com/zh","将Twitter视频下载到Mp4和Mp3","2021-08-23 22:46:04",,"0"
"1432449529679104","INDEX","VIDEO","B站AV/BV互转","http://java-run-blog.oss-cn-zhangjiakou.aliyuncs.com/index/bili-f2d2896c48.ico","https://tool.liumingye.cn/avbv/","哔哩哔哩 AV/BV 互转","2021-08-23 22:46:04",,"0"
"1432449531772960","INDEX","VIDEO","视频换脸","http://java-run-blog.oss-cn-zhangjiakou.aliyuncs.com/index/myvoiceyourface-1eea450b11.png","https://myvoiceyourface.com/","替换视频中人物的脸","2021-08-23 22:46:04",,"0"
"1432449531772992","INDEX","VIDEO","剪映","http://java-run-blog.oss-cn-zhangjiakou.aliyuncs.com/index/jy-811029850c.jpg","https://lv.ulikecam.com/","最好用的视频剪辑工具","2021-08-23 22:46:04",,"0"
"1432449531773024","INDEX","VIDEO","黑镜AI","http://java-run-blog.oss-cn-zhangjiakou.aliyuncs.com/index/avatarworks-ee8d5420da.ico","http://anchor.avatarworks.com/","AI短视频生成平台","2021-08-23 22:46:04",,"0"
"1432449531773056","INDEX","WEB_TOOL","站长之家","http://java-run-blog.oss-cn-zhangjiakou.aliyuncs.com/index/cz-5aa041ce9a.ico","https://tool.chinaz.com/","站长工具是站长的必备工具","2021-08-23 22:46:04",,"0"
"1432449531773088","INDEX","WEB_TOOL","网站排名","http://java-run-blog.oss-cn-zhangjiakou.aliyuncs.com/index/alexa-f12bfd76c4.png","http://www.alexa.cn/","Alexa网站流量全球综合排名查询","2021-08-23 22:46:04",,"0"
"1432449531773120","INDEX","WEB_TOOL","5118","http://java-run-blog.oss-cn-zhangjiakou.aliyuncs.com/index/5118-1e49fee910.ico","https://www.5118.com/","长尾词挖掘,营销情报,站长工具","2021-08-23 22:46:04",,"0"
"1432449531773152","INDEX","WEB_TOOL","爱站网","http://java-run-blog.oss-cn-zhangjiakou.aliyuncs.com/index/az-448bc07941.ico","https://www.aizhan.com/","各种网站工具，关键词排名","2021-08-23 22:46:04",,"0"
"1432449531773184","INDEX","WEB_TOOL","Similarsites","http://java-run-blog.oss-cn-zhangjiakou.aliyuncs.com/index/sim-2dda3addf9.png","https://www.similarsites.com/","查询相同类型网站","2021-08-23 22:46:04",,"0"
"1432449531773216","INDEX","WEB_TOOL","百度统计","http://java-run-blog.oss-cn-zhangjiakou.aliyuncs.com/index/baidu-bf0d4e36eb.png","https://tongji.baidu.com/","领先的中文网站分析平台","2021-08-23 22:46:04",,"0"
"1432449531773248","INDEX","WEB_TOOL","CNZZ","http://java-run-blog.oss-cn-zhangjiakou.aliyuncs.com/index/cnzz-ba085d9f0f.ico","https://web.umeng.com/main.php?c=site&a=show","CNZZ网站流量统计","2021-08-23 22:46:04",,"0"
"1432449531773280","INDEX","WEB_TOOL","阿里云ECS","http://java-run-blog.oss-cn-zhangjiakou.aliyuncs.com/index/ali-98de6fcdf6.png","https://www.aliyun.com/minisite/goods?userCode=pph9olvj","弹性可伸缩的云服务器","2021-08-23 22:46:04",,"0"
"1432449531773312","INDEX","WEB_TOOL","腾讯云","http://java-run-blog.oss-cn-zhangjiakou.aliyuncs.com/index/tengxun-afc25d2ee6.ico","https://curl.qcloud.com/Rqy4Deo2","提供云计算服务，云主机、云服务器","2021-08-23 22:46:04",,"0"
"1432449531773344","INDEX","WEB_TOOL","华为云","http://java-run-blog.oss-cn-zhangjiakou.aliyuncs.com/index/huawei-df3005d885.ico","https://activity.huaweicloud.com/cps/recommendstore.html?fromacct=3a40c2d2-1cdd-4008-b15d-734a8ca39a12&utm_source=aXR5b3Vrbm93=&utm_medium=cps&utm_campaign=201905","华为云-云服务器2折起，注册立领8800元上云礼包","2021-08-23 22:46:04",,"0"
"1432449531773376","INDEX","WEB_TOOL","小码短链接","http://java-run-blog.oss-cn-zhangjiakou.aliyuncs.com/index/xm-678253a4e2.png","https://xiaomark.com/","短网址跳转工具","2021-08-23 22:46:04",,"0"
"1432449531773408","INDEX","WEB_TOOL","极客增长","http://java-run-blog.oss-cn-zhangjiakou.aliyuncs.com/index/jk-ee9bf5e348.png","https://yinliu.club/member/KeywordHot/index","流量操盘手的必备工具","2021-08-23 22:46:04",,"0"
"1432449531773440","INDEX","WEB_TOOL","二十次幂","http://java-run-blog.oss-cn-zhangjiakou.aliyuncs.com/index/20-5d44312870.ico","https://www.cimidata.com/?refcode=PEyZMk","微信公众号数据分析","2021-08-23 22:46:04",,"0"
"1432449531773472","INDEX","WEB_TOOL","大数据导航","http://java-run-blog.oss-cn-zhangjiakou.aliyuncs.com/index/199-d500e76cc1.png","http://hao.199it.com/","给用户提供一个更加快速找到大数据相关的工具平台","2021-08-23 22:46:04",,"0"
"1432449531773504","INDEX","WEB_TOOL","域名注册","http://java-run-blog.oss-cn-zhangjiakou.aliyuncs.com/index/wanwang-35887422ce.ico","https://wanwang.aliyun.com/","给用户提供一个更加快速找到大数据相关的工具平台","2021-08-23 22:46:04",,"0"
"1432449531773536","INDEX","WEB_TOOL","天眼查","http://java-run-blog.oss-cn-zhangjiakou.aliyuncs.com/index/tianya-78548215e2.png","https://www.tianyancha.com/","查公司、查老板、查关系","2021-08-23 22:46:04",,"0"
"1432449531773568","INDEX","WEB_TOOL","BOCE","http://java-run-blog.oss-cn-zhangjiakou.aliyuncs.com/index/boce-fa84d75269.ico","https://www.boce.com/","网站测速工具","2021-08-23 22:46:04",,"0"
"1432449531773600","INDEX","WEB_TOOL","17CE","http://java-run-blog.oss-cn-zhangjiakou.aliyuncs.com/index/17ce-ec7a74202a.ico","https://www.17ce.com/","国内最专业最权威的实时网站测速","2021-08-23 22:46:04",,"0"
"1432449531773632","INDEX","WEB_TOOL","gtmetrix","http://java-run-blog.oss-cn-zhangjiakou.aliyuncs.com/index/gtmetrix-087c52342d.ico","https://gtmetrix.com/","分析出网站的加载时间以及需要的优化","2021-08-23 22:46:04",,"0"
"1432449531773664","INDEX","WEB_TOOL","免费CDN","http://java-run-blog.oss-cn-zhangjiakou.aliyuncs.com/index/bootcdn-1d3b3001ee.ico","https://www.bootcdn.cn/","中文网开源项目免费 CDN 加速服务","2021-08-23 22:46:04",,"0"
"1432450032992288","BOOK","FRONT","Head First HTML5 Programming","http://java-run-blog.oss-cn-zhangjiakou.aliyuncs.com/book/html-88bed9449d.jpg","https://book.douban.com/subject/19894872/","最好的入门书，看两遍就对HTML &amp; CSS 有个大概印象了。","2021-08-23 22:50:03",,"0"
"1432450032992320","BOOK","FRONT","JavaScript权威指南","http://java-run-blog.oss-cn-zhangjiakou.aliyuncs.com/book/Definitive-e5bbad5c8f.jpg","https://book.douban.com/subject/35396470/","近25年来，这本畅销书一直是几十万JavaScript程序员必读的技术著作，本版已经更新到涵盖JavaScript的2020版。","2021-08-23 22:50:03",,"0"
"1432450032992352","BOOK","FRONT","JavaScript高级程序设计","http://java-run-blog.oss-cn-zhangjiakou.aliyuncs.com/book/Professional-3923039de4.jpg","https://book.douban.com/subject/10546125/","本书是JavaScript 超级畅销书的最新版，适合有一定编程经验的Web 应用开发人员阅读。","2021-08-23 22:50:03",,"0"
"1432450032992384","BOOK","FRONT","CSS权威指南","http://java-run-blog.oss-cn-zhangjiakou.aliyuncs.com/book/css-34d787d956.jpg","https://book.douban.com/subject/33398314/","本书两位作者 Eric Meyer 和 Estelle Weyl 向您展示了如何通过布局、过渡和动画、边框、背景、文本属性，以及许多其他工具和技术来改善用户体验","2021-08-23 22:50:03",,"0"
"1432450032992416","BOOK","FRONT","CSS选择器世界","http://java-run-blog.oss-cn-zhangjiakou.aliyuncs.com/book/cssselect-fc7e0ccbeb.jpg","https://book.douban.com/subject/34846688/","CSS选择器是CSS世界的支柱，撑起了整个精彩纷呈的CSS世界。","2021-08-23 22:50:03",,"0"
"1432450032992448","BOOK","FRONT","CSS揭秘","http://java-run-blog.oss-cn-zhangjiakou.aliyuncs.com/book/cssjm-a137ff3010.jpg","https://book.douban.com/subject/26745943/","本书是一本注重实践的教程，作者为我们揭示了 47 个鲜为人知的 CSS 技巧，主要内容包括背景与边框、形状、 视觉效果、字体排印、用户体验、结构与布局、过渡与动画等。","2021-08-23 22:50:03",,"0"
"1432450032992480","BOOK","FRONT","jQuery 技术内幕","http://java-run-blog.oss-cn-zhangjiakou.aliyuncs.com/book/jQuery-f6011b95a1.jpg","https://book.douban.com/subject/25823709/","本书在分析每个模块时均采用由浅入深的方式，先概述功能、用法、结构和实现原理，然后介绍关键步骤和和分析源码实现。让读者不仅知其然，而且知其所以然。","2021-08-23 22:50:03",,"0"
"1432450032992512","BOOK","FRONT","锋利的jQuery","http://java-run-blog.oss-cn-zhangjiakou.aliyuncs.com/book/jQueryfeng-9dc5314832.jpg","https://book.douban.com/subject/10792216/","循序渐进地对jQuery的各种函数和方法调用进行了介绍。","2021-08-23 22:50:03",,"0"
"1432450032992544","BOOK","FRONT","Effective JavaScript","http://java-run-blog.oss-cn-zhangjiakou.aliyuncs.com/book/Effective-feac11fc3c.jpg","https://book.douban.com/subject/25786138/","作者凭借多年标准化委员会工作和实践经验，深刻辨析JavaScript 的内部运作机制、特性、陷阱和编程最佳实践，将它们高度浓缩为极具实践指导意义的 68 条精华建议。","2021-08-23 22:50:03",,"0"
"1432450032992576","BOOK","FRONT","高性能网站建设指南","http://java-run-blog.oss-cn-zhangjiakou.aliyuncs.com/book/Performance-3b7b138f52.jpg","https://book.douban.com/subject/26411563/","结合Web 2.0以来Web开发领域的最新形势和特点，介绍了网站性能问题的现状、产生的原因，以及改善或解决性能问题的原则、技术技巧和最佳实践。","2021-08-23 22:50:04",,"0"
"1432450032992608","BOOK","FRONT","图解 HTTP","http://java-run-blog.oss-cn-zhangjiakou.aliyuncs.com/book/httptu-175e92834c.jpg","https://book.douban.com/subject/25863515/","本书对互联网基盘——HTTP协议进行了全面系统的介绍。","2021-08-23 22:50:04",,"0"
"1432450032992640","BOOK","FRONT","HTTP权威指南","http://java-run-blog.oss-cn-zhangjiakou.aliyuncs.com/book/http-ad72ded11c.jpg","https://book.douban.com/subject/10746113/","本书中，我们尝试着将HTTP中一些互相关联且常被误解的规则梳理清楚，并编写了一系列基于各种主题的章节，对HTTP各方面的特性进行了介绍。","2021-08-23 22:50:04",,"0"
"1432450032992672","BOOK","FRONT","Node.js实战","http://java-run-blog.oss-cn-zhangjiakou.aliyuncs.com/book/nodejs-54025aa5e4.jpg","https://book.douban.com/subject/25870705/","本书从不同的视角介绍了 Node 内在的特点和结构。","2021-08-23 22:50:04",,"0"
"1432450032992704","BOOK","FRONT","深入浅出Node.js","http://java-run-blog.oss-cn-zhangjiakou.aliyuncs.com/book/nodeAction-0e4e9d556e.jpg","https://book.douban.com/subject/25768396/","本书向读者展示了如何构建产品级应用，对关键概念的介绍清晰明了，贴近实际的例子，涵盖从安装到部署的各个环节，是一部讲解与实践并重的优秀著作。","2021-08-23 22:50:04",,"0"
"1432450032992736","BOOK","FRONT","Web性能权威指南","http://java-run-blog.oss-cn-zhangjiakou.aliyuncs.com/book/Networking-13b2ce214c.jpg","https://book.douban.com/subject/25856314/","本书是谷歌公司高性能团队核心成员的权威之作，堪称实战经验与规范解读完美结合的产物。","2021-08-23 22:50:04",,"0"
"1432450032992768","BOOK","FRONT","深入浅出Vue.js","http://java-run-blog.oss-cn-zhangjiakou.aliyuncs.com/book/Vue-b6500a4467.js.jpg","https://book.douban.com/subject/32581281/","本书从源码层面分析了Vue.js。","2021-08-23 22:50:04",,"0"
"1432450032992800","BOOK","FRONT","深入React技术栈","http://java-run-blog.oss-cn-zhangjiakou.aliyuncs.com/book/React-4a6b44c6e9.jpg","https://book.douban.com/subject/26918038/","全面讲述React技术栈的第一本原创图书，pure render专栏主创倾力打造。","2021-08-23 22:50:04",,"0"
"1432450032992832","BOOK","FRONT","Angular权威教程","http://java-run-blog.oss-cn-zhangjiakou.aliyuncs.com/book/Angular-a6c92508f1.jpg","https://book.douban.com/subject/27016243/","本书堪称Angular领域的里程碑式著作，涵盖了关于Angular的几乎所有内容。","2021-08-23 22:50:04",,"0"
"1432450032992864","BOOK","JAVA","Java编程思想","http://java-run-blog.oss-cn-zhangjiakou.aliyuncs.com/book/Thinking-4860c0d892.jpg","https://book.douban.com/subject/2130190/","本书赢得了全球程序员的广泛赞誉，即使是最晦涩的概念，在Bruce Eckel的文字亲和力和小而直接的编程示例面前也会化解于无形。","2021-08-23 22:50:04",,"0"
"1432450032992896","BOOK","JAVA","Effective Java中文版","http://java-run-blog.oss-cn-zhangjiakou.aliyuncs.com/book/Effective-89d3454fc0.jpg","https://book.douban.com/subject/30412517/","豆瓣评分9.5。本书一共包含90个条目，每个条目讨论Java程序设计中的一条规则。这些规则反映了最有经验的优秀程序员在实践中常用的一些有益的做法。","2021-08-23 22:50:04",,"0"
"1432450032992928","BOOK","JAVA","Java并发编程实战","http://java-run-blog.oss-cn-zhangjiakou.aliyuncs.com/book/Concurrency-c69598fdee.jpg","https://book.douban.com/subject/10484692/","本书深入浅出地介绍了Java线程和并发，是一本完美的Java并发参考手册。","2021-08-23 22:50:04",,"0"
"1432450032992960","BOOK","JAVA","深入理解Java虚拟机","http://java-run-blog.oss-cn-zhangjiakou.aliyuncs.com/book/JVM-de278f4a41.jpg","https://book.douban.com/subject/34907497/","这是一部从工作原理和工程实践两个维度深入剖析JVM的著作，是计算机领域公认的经典，繁体版在台湾也颇受欢迎。","2021-08-23 22:50:04",,"0"
"1432450032992992","BOOK","JAVA","Java性能权威指南","http://java-run-blog.oss-cn-zhangjiakou.aliyuncs.com/book/Performance-026e3c91c7.jpg","https://book.douban.com/subject/26740520/","本书详尽讲解了Java性能调优的相关知识，帮助读者深入理解Java平台性能的各个方面，最终使程序如虎添翼。","2021-08-23 22:50:04",,"0"
"1432450032993024","BOOK","JAVA","Spring 揭秘","http://java-run-blog.oss-cn-zhangjiakou.aliyuncs.com/book/spring-3b557d8ca3.jpg","https://book.douban.com/subject/3897837/","本书是作者在多年的工作中积累的第一手Spring框架使用经验的总结，深入剖析了Spring框架各个模块的功能、出现的背景、设计理念和设计原理，揭开了Spring框架的神秘面纱，使你“知其然，更知其所以然”。","2021-08-23 22:50:04",,"0"
"1432450032993056","BOOK","JAVA","Java核心技术·卷 I","http://java-run-blog.oss-cn-zhangjiakou.aliyuncs.com/book/Core1-dd33b9193d.jpg","https://book.douban.com/subject/34898994/","书由拥有20多年教学与研究经验的资深Java技术专家撰写（获Jolt大奖），是程序员的优选Java指南。本版针对Java SE 9、10和 11全面更新。","2021-08-23 22:50:04",,"0"
"1432450032993088","BOOK","JAVA","Java核心技术·卷 II","http://java-run-blog.oss-cn-zhangjiakou.aliyuncs.com/book/core2-b259434cb9.jpg","https://book.douban.com/subject/34935138/","书中对Java复杂的新特性进行了深入而全面的研究，展示了如何使用它们来构建具有专业品质的应用程序","2021-08-23 22:50:04",,"0"
"1432450032993120","BOOK","PYTHON","Python编程-从入门到实践","http://java-run-blog.oss-cn-zhangjiakou.aliyuncs.com/book/Crash-26e6457244.jpg","https://book.douban.com/subject/35196328/","应该是世界上最畅销的Python编程书，没有之一,英文名叫作《Python crash course》，作者Eric Matthes是一名高中老。","2021-08-23 22:50:04",,"0"
"1432450032993152","BOOK","PYTHON","Python学习手册","http://java-run-blog.oss-cn-zhangjiakou.aliyuncs.com/book/Learning-ab0e04f391.jpg","https://book.douban.com/subject/30364619/","如果你想动手编写高效、高质量并且很容易与其他语言和工具集成的代码，本书将快速地帮助你利用Python提高效率。","2021-08-23 22:50:04",,"0"
"1432450032993184","BOOK","PYTHON","流畅的Python","http://java-run-blog.oss-cn-zhangjiakou.aliyuncs.com/book/Fluent-f28b112fc1.jpg","https://book.douban.com/subject/27028517/","本书由奋战在Python开发一线近20年的Luciano Ramalho执笔，Victor Stinner、Alex Martelli等Python大咖担纲技术审稿人，从语言设计层面剖析编程细节，兼顾Python 3和Python 2","2021-08-23 22:50:04",,"0"
"1432450032993216","BOOK","PYTHON","Effective Python","http://java-run-blog.oss-cn-zhangjiakou.aliyuncs.com/book/Effective-429046fdb2.jpg","https://book.douban.com/subject/26709315/","本书作者Brett Slatkin就以这种方式汇聚了59条优秀的实践原则、开发技巧和便捷方案，并以实用的代码范例来解释它们。","2021-08-23 22:50:04",,"0"
"1432450032993248","BOOK","PYTHON","Python CookBook 中文版","http://java-run-blog.oss-cn-zhangjiakou.aliyuncs.com/book/Cookbook-1eaceae841.jpg","https://book.douban.com/subject/26381341/","Python CookBook 中文版-经典书籍","2021-08-23 22:50:04",,"0"
"1432450032993280","BOOK","PYTHON","Python 3网络爬虫开发实战","http://java-run-blog.oss-cn-zhangjiakou.aliyuncs.com/book/pai-c32ace46e7.jpg","https://book.douban.com/subject/30175598/","本书介绍了如何利用Python 3开发网络爬虫,通过多个案例介绍了不同场景下如何实现数据爬取。","2021-08-23 22:50:04",,"0"
"1432450032993312","BOOK","PYTHON","Python深度学习","http://java-run-blog.oss-cn-zhangjiakou.aliyuncs.com/book/Deep-13f75a5e42.jpg","https://book.douban.com/subject/30293801/","本书由Keras之父、现任Google人工智能研究员的弗朗索瓦•肖莱（François Chollet）执笔，详尽介绍了用Python和Keras进行深度学习的探索实践，涉及计算机视觉、自然语言处理、生成式模型等应用。","2021-08-23 22:50:04",,"0"
"1432450032993344","BOOK","PYTHON","Python数据科学手册","http://java-run-blog.oss-cn-zhangjiakou.aliyuncs.com/book/Science-71216c904f.jpg","https://book.douban.com/subject/27667378/","本书是对以数据深度需求为中心的科学、研究以及针对计算和统计方法的参考书。本书共五章，每章介绍一到两个Python数据科学中的重点工具包。","2021-08-23 22:50:04",,"0"
"1432450032993376","BOOK","PYTHON","Flask Web开发实战","http://java-run-blog.oss-cn-zhangjiakou.aliyuncs.com/book/Flask-bbf5307397.jpg","https://book.douban.com/subject/30310340/","这是一本面向Python程序员的，全面介绍Python Web框架Flask的书。","2021-08-23 22:50:04",,"0"
"1432450032993408","BOOK","PYTHON","利用Python进行数据分析","http://java-run-blog.oss-cn-zhangjiakou.aliyuncs.com/book/Analysis-42a5922032.jpg","https://book.douban.com/subject/30283996/","本书由pandas项目创始人Wes McKinney亲笔撰写，详细介绍利用Python进行操作、处理、清洗和规整数据等方面的具体细节和基本要点。","2021-08-23 22:50:04",,"0"
"1432450032993440","BOOK","PYTHON","Python金融衍生品大数据分析","http://java-run-blog.oss-cn-zhangjiakou.aliyuncs.com/book/Derivatives-9c5c4ed27d.jpg","https://book.douban.com/subject/27084134/","Python 在衍生工具分析领域占据重要地位，使机构能够快速、有效地提供定价、交易及风险管理的结果。","2021-08-23 22:50:04",,"0"
"1432450032993472","BOOK","ADMIN","C程序设计语言","http://java-run-blog.oss-cn-zhangjiakou.aliyuncs.com/book/C-c1d946ea58.jpg","https://book.douban.com/subject/1139336/","豆瓣评分9.4。在计算机发展的历史上，没有哪一种程序设计语言像C语言这样应用广泛。本书作者是C语言的设计者之一Dennis M. Ritchie和著名计算机科学家Brian W. Kernighan合著的一本介绍C语言的权威经典著作。","2021-08-23 22:50:04",,"0"
"1432450032993504","BOOK","ADMIN","C++ Primer 中文版","http://java-run-blog.oss-cn-zhangjiakou.aliyuncs.com/book/CPrimer-0e6534ba4c.jpg","https://book.douban.com/subject/25708312/","豆瓣评分9.4。这本久负盛名的 C++ 经典教程，书中丰富的教学辅助内容、醒目的知识点提示，以及精心组织的编程示范，让这本书在 C++ 领域的权威地位更加不可动摇。","2021-08-23 22:50:04",,"0"
"1432450032993536","BOOK","ADMIN","Go程序设计语言","http://java-run-blog.oss-cn-zhangjiakou.aliyuncs.com/book/go-312f7fd531.jpg","https://book.douban.com/subject/27044219/","人手一本的Go语言“圣经”。","2021-08-23 22:50:04",,"0"
"1432450032993568","BOOK","ADMIN","Go Web 编程","http://java-run-blog.oss-cn-zhangjiakou.aliyuncs.com/book/goweb-a76a4e98b2.jpg","https://book.douban.com/subject/27204133/","一份 go web 编程开源指南","2021-08-23 22:50:04",,"0"
"1432450032993600","BOOK","ADMIN","PHP与MySQL程序设计","http://java-run-blog.oss-cn-zhangjiakou.aliyuncs.com/book/php-7488119bc8.jpg","https://book.douban.com/subject/35175474/","本书是全面讲述PHP 与MySQL 的经典畅销之作，不但详细介绍了这两种技术及其相关工具的核心特性，还讲解了如何高效地结合这两种技术构建出健壮的数据驱动的应用程序","2021-08-23 22:50:04",,"0"
"1432450032993632","BOOK","ADMIN","R语言实战","http://java-run-blog.oss-cn-zhangjiakou.aliyuncs.com/book/r-e0641c1531.jpg","https://book.douban.com/subject/26785199/","本书注重实用性，是一本全面而细致的R指南，高度概括了该软件和它的强大功能，展示了使用的统计示例，且对于难以用传统方法处理的凌乱、不完整和非正态的数据给出了优雅的处理方法。","2021-08-23 22:50:04",,"0"
"1432450032993664","BOOK","ADMIN","数据密集型应用系统设计","http://java-run-blog.oss-cn-zhangjiakou.aliyuncs.com/book/Data-Intensive-a6e57f7f45.jpg","https://book.douban.com/subject/30329536/","吐血推荐，本书豆瓣评分9.7分，堪称分布式领域圣经，本人非常后悔没有更早的阅读本书。","2021-08-23 22:50:04",,"0"
"1432450032993696","BOOK","ADMIN","漫画算法：小灰的算法之旅","http://java-run-blog.oss-cn-zhangjiakou.aliyuncs.com/book/xiaohui-548490f857.jpg","https://book.douban.com/subject/33420587/","通过虚拟的主人公小灰的心路历程，用漫画的形式讲述了算法和数据结构的基础知识、复杂多变的算法面试题目及算法的实际应用场景。","2021-08-23 22:50:04",,"0"
"1432450032993728","BOOK","ADMIN","TCP/IP详解 卷1：协议","http://java-run-blog.oss-cn-zhangjiakou.aliyuncs.com/book/TCP-a72d22b3c5.jpg","https://book.douban.com/subject/26825411/","本书主要讲述TCP/IP协议，展示每种协议的实际工作原理的同时还解释了其来龙去脉","2021-08-23 22:50:04",,"0"
"1432450032993760","BOOK","ADMIN","Kubernetes权威指南","http://java-run-blog.oss-cn-zhangjiakou.aliyuncs.com/book/Kubernetes-53181dbd3d.jpg","https://book.douban.com/subject/35458432/","分别讲解Kubernetes的基本概念、实践指南、核心原理、开发指南、网络与存储、运维指南、新特性演进等内容。","2021-08-23 22:50:04",,"0"
"1432450032993792","BOOK","OTHER","高性能MySQL","http://java-run-blog.oss-cn-zhangjiakou.aliyuncs.com/book/mysql-3d6623f2ab.jpg","https://book.douban.com/subject/23008813/","mysql 领域的经典之作，拥有广泛的影响力。内容涵盖mysql 架构和历史，基准测试和性能剖析，数据库软硬件性能优化，复制、备份和恢复，高可用与高可扩展性","2021-08-23 22:50:04",,"0"
"1432450032993824","BOOK","OTHER","Redis开发与运维","http://java-run-blog.oss-cn-zhangjiakou.aliyuncs.com/book/Redis-4a27349109.jpg","https://book.douban.com/subject/26971561/","本书全面讲解Redis基本功能及其应用，并结合线上开发与运维监控中的实际使用案例，深入分析并总结了实际开发运维中遇到的“陷阱”，以及背后的原因。","2021-08-23 22:50:04",,"0"
"1432450035089440","BOOK","OTHER","Redis实战","http://java-run-blog.oss-cn-zhangjiakou.aliyuncs.com/book/redisaciton-3560f3aa2a.jpg","https://book.douban.com/subject/26612779/","本书深入浅出地介绍了Redis的5种数据类型，并通过多个实用示例展示了Redis的用法。","2021-08-23 22:50:04",,"0"
"1432450035089472","BOOK","OTHER","RabbitMQ实战指南","http://java-run-blog.oss-cn-zhangjiakou.aliyuncs.com/book/RabbitMQ-6fe14e5000.jpg","https://book.douban.com/subject/27591386/","从消息中间件的概念和RabbitMQ的历史切入，主要阐述RabbitMQ的安装、使用、配置、管理、运维、原理、扩展等方面的细节。","2021-08-23 22:50:04",,"0"
"1432450035089504","BOOK","OTHER","Kafka权威指南","http://java-run-blog.oss-cn-zhangjiakou.aliyuncs.com/book/Kafka-a92c2335c8.jpg","https://book.douban.com/subject/27665114/","本书详细介绍了如何部署Kafka集群、开发可靠的基于事件驱动的微服务，以及基于Kafka平台构建可伸缩的流式应用程序","2021-08-23 22:50:04",,"0"
"1432450035089536","BOOK","OTHER","MongoDB权威指南","http://java-run-blog.oss-cn-zhangjiakou.aliyuncs.com/book/MongoDB-b52585add8.jpg","https://book.douban.com/subject/25798102/","书中介绍了面向文档的存储方式及利用MongoDB的无模式数据模型处理文档、集合和多个数据库","2021-08-23 22:50:04",,"0"
"1432450035089568","BOOK","OTHER","HBase权威指南","http://java-run-blog.oss-cn-zhangjiakou.aliyuncs.com/book/hbase-4dd73b1a34.jpg","https://book.douban.com/subject/25784835/","探讨了如何通过使用与hbase高度集成的hadoop将hbase的可伸缩性变得简单","2021-08-23 22:50:04",,"0"
"1432450035089600","BOOK","OTHER","Hadoop权威指南","http://java-run-blog.oss-cn-zhangjiakou.aliyuncs.com/book/Hadoop-91c3e720b8.jpg","https://book.douban.com/subject/27115351/","本书结合理论和实践，由浅入深，全方位介绍了Hadoop 这一高性能的海量数据处理和分析平台。","2021-08-23 22:50:04",,"0"
"1432450035089632","BOOK","OTHER","深入理解Nginx","http://java-run-blog.oss-cn-zhangjiakou.aliyuncs.com/book/Hadoop-91c3e720b8.jpg","https://book.douban.com/subject/26745255/","书中首先通过介绍官方Nginx的基本用法和配置规则，帮助读者了解一般Nginx模块的用法。","2021-08-23 22:50:04",,"0"
"1432450276261920","MANUAL","HOT","Git 学习手册","http://java-run-blog.oss-cn-zhangjiakou.aliyuncs.com/manual/git-6e7cd55af8.ico","https://git-scm.com/book/zh/v2","制作精良多语言 Git 学习手册","2021-08-23 22:51:59",,"0"
"1432450276261952","MANUAL","HOT","SQL 教程","http://java-run-blog.oss-cn-zhangjiakou.aliyuncs.com/manual/sql-8559ee3141.jpg","https://www.kancloud.cn/wizardforcel/w3school-sql/93915","一份简单的 SQL 学习教程","2021-08-23 22:52:00",,"0"
"1432450276261984","MANUAL","HOT","Bash Shell 教程","http://java-run-blog.oss-cn-zhangjiakou.aliyuncs.com/manual/bash-c6cafee3c5.png","https://wangdoc.com/bash/intro.html","阮一峰的网络 Bash 脚本教程","2021-08-23 22:52:00",,"0"
"1432450276262016","MANUAL","HOT","LeetCode 刷题手册","http://java-run-blog.oss-cn-zhangjiakou.aliyuncs.com/manual/LeetCode-72917c2234.png","https://books.halfrost.com/leetcode/ChapterOne/","著名的编程算法面试的题目","2021-08-23 22:52:00",,"0"
"1432450276262048","MANUAL","HOT","鸟哥的 Linux 私房菜","http://java-run-blog.oss-cn-zhangjiakou.aliyuncs.com/manual/linux-8cefcd10e3.png","http://cn.linux.vbird.org/linux_basic/linux_basic.php","80%的IT人都再推荐的一个Linux 学习教程","2021-08-23 22:52:00",,"0"
"1432450276262080","MANUAL","HOT","HTTP 2.0 翻译","http://java-run-blog.oss-cn-zhangjiakou.aliyuncs.com/manual/http-d18e816473.jpg","https://yuedu.baidu.com/ebook/478d1a62376baf1ffc4fad99?pn=1###","超文本传输协议是一个简单的请求-响应协议","2021-08-23 22:52:00",,"0"
"1432450276262112","MANUAL","HOT","图说设计模式","http://java-run-blog.oss-cn-zhangjiakou.aliyuncs.com/manual/design-edeafd3c07.ico","https://design-patterns.readthedocs.io/zh_CN/latest/index.html","软件模式是将模式的一般概念应用于软件开发领域，即软件开发的 总体指导思路或参照样板","2021-08-23 22:52:00",,"0"
"1432450276262144","MANUAL","FRONT","Html 教程","http://java-run-blog.oss-cn-zhangjiakou.aliyuncs.com/manual/html-14662826b8.jpg","https://developer.mozilla.org/zh-CN/docs/learn/HTML","学习 HTML ：指南与教程","2021-08-23 22:52:00",,"0"
"1432450276262176","MANUAL","FRONT","JS 教程","http://java-run-blog.oss-cn-zhangjiakou.aliyuncs.com/manual/js-cacc5f780b.png","https://developer.mozilla.org/zh-CN/docs/learn/HTML","重新介绍 JavaScript","2021-08-23 22:52:00",,"0"
"1432450276262208","MANUAL","FRONT","CSS参考手册","http://java-run-blog.oss-cn-zhangjiakou.aliyuncs.com/manual/css-75e4d6d5a0.png","http://css.doyoe.com/","CSS是Cascading Style Sheet（层叠样式表）的缩写","2021-08-23 22:52:00",,"0"
"1432450276262240","MANUAL","FRONT","jQuery 操作手册","http://java-run-blog.oss-cn-zhangjiakou.aliyuncs.com/manual/jquery-5a3f755663.jpg","https://www.jquery123.com/","jQuery API 中文文档","2021-08-23 22:52:00",,"0"
"1432450276262272","MANUAL","FRONT","Bootstrap 操作手册","http://java-run-blog.oss-cn-zhangjiakou.aliyuncs.com/manual/bootstrap-7384412324.png","https://v4.bootcss.com/docs/getting-started/introduction/","Bootstrap 是全球最受欢迎的前端框架","2021-08-23 22:52:00",,"0"
"1432450276262304","MANUAL","FRONT","Vue.js手册","http://java-run-blog.oss-cn-zhangjiakou.aliyuncs.com/manual/vue-f0941c291e.png","https://cn.vuejs.org/v2/guide/index.html","一套用于构建用户界面的渐进式框架","2021-08-23 22:52:00",,"0"
"1432450276262336","MANUAL","FRONT","React教程","http://java-run-blog.oss-cn-zhangjiakou.aliyuncs.com/manual/reactjs-fd73a6eb26.ico","https://zh-hans.reactjs.org/tutorial/tutorial.html","一个声明式，高效且灵活的用于构建用户界面的 JavaScript 库","2021-08-23 22:52:00",,"0"
"1432450276262368","MANUAL","FRONT","AngularJS教程","http://java-run-blog.oss-cn-zhangjiakou.aliyuncs.com/manual/angularjs-8f82376717.ico","https://www.angularjs.net.cn/tutorial/","一款优秀的前端JS框架","2021-08-23 22:52:00",,"0"
"1432450276262400","MANUAL","FRONT","Express/Node 入门","http://java-run-blog.oss-cn-zhangjiakou.aliyuncs.com/manual/Express-dd1206f98a.jpg","https://developer.mozilla.org/zh-CN/docs/learn/Server-side/Express_Nodejs/Introduction","Express 是最流行的 Node 框架，是许多其它流行 Node 框架 的底层库","2021-08-23 22:52:00",,"0"
"1432450276262432","MANUAL","FRONT","Node.js 教程","http://java-run-blog.oss-cn-zhangjiakou.aliyuncs.com/manual/nodejs-75e7252ab4.png","http://nodejs.cn/learn","Node.js 是一个开源与跨平台的 JavaScript 运行时环境。","2021-08-23 22:52:00",,"0"
"1432450276262464","MANUAL","FRONT","七天学会NodeJS","http://java-run-blog.oss-cn-zhangjiakou.aliyuncs.com/manual/nodejs-75e7252ab4.png","http://nqdeng.github.io/7-days-nodejs/","Node.js 是一个开源与跨平台的 JavaScript 运行时环境。","2021-08-23 22:52:00",,"0"
"1432450276262496","MANUAL","JAVA","Java 学习路线","http://java-run-blog.oss-cn-zhangjiakou.aliyuncs.com/manual/java-0d10edfd4c.png","https://www.pdai.tech/md/outline/x-outline.html","Java 全栈知识体系","2021-08-23 22:52:00",,"0"
"1432450276262528","MANUAL","JAVA","Java 入门教程","http://java-run-blog.oss-cn-zhangjiakou.aliyuncs.com/manual/java-0d10edfd4c.png","https://www.liaoxuefeng.com/wiki/1252599548343744","廖雪峰的 Java 入门教程","2021-08-23 22:52:00",,"0"
"1432450276262560","MANUAL","JAVA","Jvm 手册","http://java-run-blog.oss-cn-zhangjiakou.aliyuncs.com/manual/java-0d10edfd4c.png","http://www.ityouknow.com/java.html","Jvm 系列学习文章","2021-08-23 22:52:00",,"0"
"1432450276262592","MANUAL","JAVA","Java NIO 教程","http://java-run-blog.oss-cn-zhangjiakou.aliyuncs.com/manual/java-0d10edfd4c.png","http://www.ityouknow.com/java.html","Java NIO 简明教程","2021-08-23 22:52:00",,"0"
"1432450276262624","MANUAL","JAVA","Spring 实战","http://java-run-blog.oss-cn-zhangjiakou.aliyuncs.com/manual/spring-0fbb2f0adb.png","https://potoyang.gitbook.io/spring-in-action-v5/","Spring 生态系统中的每个 Spring 版本、Spring Boot 和所有其他项目都释放了一些新的惊人功能","2021-08-23 22:52:00",,"0"
"1432450276262656","MANUAL","JAVA","Spring Boot 手册","http://java-run-blog.oss-cn-zhangjiakou.aliyuncs.com/manual/spring-0fbb2f0adb.png","http://www.ityouknow.com/spring-boot.html","Spring Boot 系列学习文章","2021-08-23 22:52:00",,"0"
"1432450276262688","MANUAL","JAVA","Spring Cloud 手册","http://java-run-blog.oss-cn-zhangjiakou.aliyuncs.com/manual/spring-0fbb2f0adb.png","http://www.ityouknow.com/spring-cloud.html","Spring Cloud 系列学习文章","2021-08-23 22:52:00",,"0"
"1432450276262720","MANUAL","JAVA","Spring Data JPA - 参考文档","http://java-run-blog.oss-cn-zhangjiakou.aliyuncs.com/manual/spring-0fbb2f0adb.png","https://www.springcloud.cc/spring-data-jpa.html","Spring Data JPA是 Spring 基于 ORM 框架、JPA规范的基础上封装的一套JPA应用框架","2021-08-23 22:52:00",,"0"
"1432450276262752","MANUAL","JAVA","Apache Shiro 中文文档","http://java-run-blog.oss-cn-zhangjiakou.aliyuncs.com/manual/shiro-c1a8eb0816.png","https://www.docs4dev.com/docs/zh/apache-shiro/1.5.3/reference/introduction.html","Apache Shiro 是一个功能强大且灵活的开源安全框架，可以干净地处理身份验证，授权，企业会话 Management 和加密。","2021-08-23 22:52:00",,"0"
"1432450276262784","MANUAL","JAVA","Activiti 教程","http://java-run-blog.oss-cn-zhangjiakou.aliyuncs.com/manual/Activiti-20b249615f.png","https://www.cnblogs.com/xtreme/p/3638810.html","是一个业务流程管理(BPM)和工作流系统，适用于开发人员和系统管理员","2021-08-23 22:52:00",,"0"
"1432450276262816","MANUAL","JAVA","Netty 4.x 用户指南","http://java-run-blog.oss-cn-zhangjiakou.aliyuncs.com/manual/netty_logo-fe7297c293.jpg","https://waylau.com/netty-4-user-guide/","包含了官方文档以及其他文章整合","2021-08-23 22:52:00",,"0"
"1432450276262848","MANUAL","JAVA","MyBatis中文文档","http://java-run-blog.oss-cn-zhangjiakou.aliyuncs.com/manual/mybatis-ea8aa93717.jpg","https://mybatis.org/mybatis-3/zh/index.html","MyBatis 是一款优秀的持久层框架，它支持自定义 SQL、存储过程以及高级映射","2021-08-23 22:52:00",,"0"
"1432450276262880","MANUAL","PYTHON","Python 零基础入门","http://java-run-blog.oss-cn-zhangjiakou.aliyuncs.com/manual/python-3120c3e0e2.png","http://www.ityouknow.com/python.html","从0-100天的 Python 学习教程","2021-08-23 22:52:00",,"0"
"1432450276262912","MANUAL","PYTHON","Python CookBook 中文版","http://java-run-blog.oss-cn-zhangjiakou.aliyuncs.com/manual/python-3120c3e0e2.png","https://www.kancloud.cn/kancloud/python3-cookbook","Python CookBook 中文版-经典书籍","2021-08-23 22:52:00",,"0"
"1432450276262944","MANUAL","PYTHON","Python进阶","http://java-run-blog.oss-cn-zhangjiakou.aliyuncs.com/manual/python-3120c3e0e2.png","https://docs.pythontab.com/interpy/","Python进阶是 Intermediate Python 的中文译本","2021-08-23 22:52:00",,"0"
"1432450276262976","MANUAL","PYTHON","Django 教程","http://java-run-blog.oss-cn-zhangjiakou.aliyuncs.com/manual/django-6dbf28c065.ico","https://docs.djangoproject.com/zh-hans/3.2//","Python实现简单快捷的网站开发","2021-08-23 22:52:00",,"0"
"1432450276263008","MANUAL","PYTHON","Flask 教程","http://java-run-blog.oss-cn-zhangjiakou.aliyuncs.com/manual/flask-8b60589434.png","http://docs.jinkan.org/docs/flask/quickstart.html#quickstart","一个用Python编写的轻量级Web应用框架","2021-08-23 22:52:00",,"0"
"1432450278359072","MANUAL","PYTHON","Scrapy 教程","http://java-run-blog.oss-cn-zhangjiakou.aliyuncs.com/manual/scrapy-d3d68e8781.png","https://www.osgeo.cn/scrapy/index.html","Python 常用的爬虫框架","2021-08-23 22:52:00",,"0"
"1432450278359104","MANUAL","ADMIN","C语言教程","http://java-run-blog.oss-cn-zhangjiakou.aliyuncs.com/manual/c-programming-34eb306fa3.png","https://www.nowcoder.com/tutorial/10002/8f7c3e0e7efd441d8f7c9c8d43c2a0f4","最伟大的编程语言","2021-08-23 22:52:00",,"0"
"1432450278359136","MANUAL","ADMIN","PHP 教程","http://java-run-blog.oss-cn-zhangjiakou.aliyuncs.com/manual/php-df342d227d.png","https://phpbestpractices.justjavac.com/#","PHP 最佳实践","2021-08-23 22:52:00",,"0"
"1432450278359168","MANUAL","ADMIN","PHP 开发者实践","http://java-run-blog.oss-cn-zhangjiakou.aliyuncs.com/manual/php-df342d227d.png","https://ryancao.gitbooks.io/php-developer-prepares/content/","PHP 仍然是目前使用最广泛、重要的 Web 开发语言之一","2021-08-23 22:52:00",,"0"
"1432450278359200","MANUAL","ADMIN","ThinkPHP 教程","http://java-run-blog.oss-cn-zhangjiakou.aliyuncs.com/manual/php-df342d227d.png","https://www.kancloud.cn/agdholo/thinkphp","Web 入门开发实战","2021-08-23 22:52:00",,"0"
"1432450278359232","MANUAL","ADMIN","Laravel 8 中文教程","http://java-run-blog.oss-cn-zhangjiakou.aliyuncs.com/manual/laravel-b6c5d76179.png","https://learnku.com/docs/laravel/8.x/releases/9351","Laravel是一套简洁、优雅的PHP Web开发框架","2021-08-23 22:52:00",,"0"
"1432450278359264","MANUAL","ADMIN","Go 语言教程","http://java-run-blog.oss-cn-zhangjiakou.aliyuncs.com/manual/go-cf5d27638a.jpg","http://www.topgoer.com/","是 Google 开发的开源编程语言","2021-08-23 22:52:00",,"0"
"1432450278359296","MANUAL","ADMIN","Go Web 编程","http://java-run-blog.oss-cn-zhangjiakou.aliyuncs.com/manual/go-cf5d27638a.jpg","https://github.com/astaxie/build-web-application-with-golang/blob/master/zh/preface.md","一份 go web 编程开源指南","2021-08-23 22:52:00",,"0"
"1432450278359328","MANUAL","ADMIN","C++ 学习教程","http://java-run-blog.oss-cn-zhangjiakou.aliyuncs.com/manual/C%2B%2B_-f66822da9e.png","https://www.nowcoder.com/tutorial/10003/7bdcb36b1ff74114b026c46b7ac64ac1","C++ 是一种静态类型的、编译式的、通用的、大小写敏感的、不规则的编程语言，支持过程化编程、面向对象编程和泛型编程。","2021-08-23 22:52:00",,"0"
"1432450278359360","MANUAL","ADMIN","C#学习教程","http://java-run-blog.oss-cn-zhangjiakou.aliyuncs.com/manual/c11-66ddf2e01a.png","https://docs.microsoft.com/zh-cn/dotnet/csharp/","一种新式编程语言，不仅面向对象，还类型安","2021-08-23 22:52:00",,"0"
"1432450278359392","MANUAL","ADMIN","Visual Basic 教程","http://java-run-blog.oss-cn-zhangjiakou.aliyuncs.com/manual/vb-1d85e8be73.jpg","https://docs.microsoft.com/zh-cn/visualstudio/get-started/visual-basic/?view=vs-2019","Visual Studio 集成开发环境是一种创新启动板，可用于编辑、调试并生成代码，然后发布应用。","2021-08-23 22:52:00",,"0"
"1432450278359424","MANUAL","ADMIN","Docker 教程","http://java-run-blog.oss-cn-zhangjiakou.aliyuncs.com/manual/docker-e005fb62d7.png","https://yeasy.gitbook.io/docker_practice/","Docker 从入门到实践","2021-08-23 22:52:00",,"0"
"1432450278359456","MANUAL","ADMIN","R语言教程","http://java-run-blog.oss-cn-zhangjiakou.aliyuncs.com/manual/R-84dccccb68.png","https://www.math.pku.edu.cn/teachers/lidf/docs/Rbook/html/_Rbook/intro.html","R是用于统计分析、绘图的语言和操作环境","2021-08-23 22:52:00",,"0"
"1432450278359488","MANUAL","ADMIN","Swift 教程","http://java-run-blog.oss-cn-zhangjiakou.aliyuncs.com/manual/swift-92dde973ae.png","https://swift.bootcss.com/","苹果出品的开发语言","2021-08-23 22:52:00",,"0"
"1432450278359520","MANUAL","ADMIN","Ruby 教程","http://java-run-blog.oss-cn-zhangjiakou.aliyuncs.com/manual/Ruby-24fd1c9775.png","https://www.ruby-lang.org/zh_cn/documentation/","一种简单快捷的面向对象（面向对象程序设计）脚本语言","2021-08-23 22:52:00",,"0"
"1432450278359552","MANUAL","ADMIN","IDEA 使用教程","http://java-run-blog.oss-cn-zhangjiakou.aliyuncs.com/manual/idea-1766c23e71.png","https://github.com/judasn/IntelliJ-IDEA-Tutorial","IntelliJ IDEA 简体中文专题教程","2021-08-23 22:52:00",,"0"
"1432450278359584","MANUAL","MID","Redis 中文教程","http://java-run-blog.oss-cn-zhangjiakou.aliyuncs.com/manual/redis-5423f63885.png","https://www.redis.com.cn/tutorial.html","一份简单的 Redis 学习教程","2021-08-23 22:52:00",,"0"
"1432450278359616","MANUAL","MID","memcached 教程","http://java-run-blog.oss-cn-zhangjiakou.aliyuncs.com/manual/Memcached-0a56603359.png","https://www.twle.cn/l/yufei/memcached/memcached-basic-index.html","Memcached是一个自由开源的，高性能，分布式内存键值对缓存系统","2021-08-23 22:52:00",,"0"
"1432450278359648","MANUAL","MID","MongoDB 教程","http://java-run-blog.oss-cn-zhangjiakou.aliyuncs.com/manual/mongodb-d1b2519fbb.ico","https://www.mongodb.org.cn/tutorial/","一个基于分布式文件存储的数据库","2021-08-23 22:52:00",,"0"
"1432450278359680","MANUAL","MID","Elasticsearch 教程","http://java-run-blog.oss-cn-zhangjiakou.aliyuncs.com/manual/elasticsearch-c135987117.png","https://www.elastic.co/guide/cn/elasticsearch/guide/current/getting-started.html","Elasticsearch 是一个实时的分布式搜索分析引擎","2021-08-23 22:52:00",,"0"
"1432450278359712","MANUAL","MID","Apache教程","http://java-run-blog.oss-cn-zhangjiakou.aliyuncs.com/manual/apache-722e3b1ca6.png","https://www.yiibai.com/apache_http/","世界上使用最广泛的Web服务器应用程序","2021-08-23 22:52:00",,"0"
"1432450278359744","MANUAL","MID","Nginx 极简教程","http://java-run-blog.oss-cn-zhangjiakou.aliyuncs.com/manual/Nginx-0909a8af45.png","https://dunwu.github.io/nginx-tutorial/#/nginx-quickstart","Nginx (engine x) 是一款轻量级的 Web 服务器 、反向代理服务器及电子邮件（IMAP/POP3）代理服务器。","2021-08-23 22:52:00",,"0"
"1432450278359776","MANUAL","MID","OpenResty 最佳实践","http://java-run-blog.oss-cn-zhangjiakou.aliyuncs.com/manual/OpenResty-b261890c5a.png","https://moonbingbing.gitbooks.io/openresty-best-practices/content/","OpenResty是一个全功能的 Web 应用服务器","2021-08-23 22:52:00",,"0"
"1432450278359808","MANUAL","MID","Tomcat 8 权威指南","http://java-run-blog.oss-cn-zhangjiakou.aliyuncs.com/manual/tomcat-d788f59540.png","https://wiki.jikexueyuan.com/project/tomcat/","Tomcat 8 权威指南","2021-08-23 22:52:00",,"0"
"1432450278359840","MANUAL","MID","Spark 教程","http://java-run-blog.oss-cn-zhangjiakou.aliyuncs.com/manual/spark-4914d8b0b1.png","https://aiyanbo.gitbooks.io/spark-programming-guide-zh-cn/content/","Spark 编程指南简体中文版","2021-08-23 22:52:00",,"0"
"1432450278359872","MANUAL","MID","Mysql 简单教程","http://java-run-blog.oss-cn-zhangjiakou.aliyuncs.com/manual/mysql-ac3756919b.png","https://segmentfault.com/a/1190000006876419","21分钟MySQL基础入门","2021-08-23 22:52:00",,"0"
